scope,parent_run,candidate,task,selected,production_files,outcome,remaining_budget,source,hash
A1,a1-01-R2,a1-01-R2__candidate_1,astropy__astropy-14995,True,"[""astropy/nddata/mixins/ndarithmetic.py""]","{""status"": ""completed"", ""summary"": ""Fixed NDDataRef mask propagation when the right operand (including a scalar wrapped without a mask) has mask=None. `_arithmetic_mask` now deep-copies the existing left-hand mask instead of passing it with None to `handle_mask`. Added a focused regression test covering masked×scalar, masked×unmasked, and unmasked×masked with integer masks and `np.bitwise_or`, including copy-separation assertions. The unchanged baseline reproduced TypeError for the first two directions while the reverse direction succeeded; this distinguishes the fix from an asymmetric implementation that only handles a missing left mask. Validation: `python -m pytest -q astropy/nddata/mixins/tests/test_ndarithmetic.py -k 'bitwise_or_one_missing'` → 1 passed, 179 deselected; full public scope `python -m pytest -q astropy/nddata/mixins/tests/test_ndarithmetic.py` → 180 passed; `git diff --check` passed. A NumPy binary-compatibility RuntimeWarning appeared during pytest, but tests completed successfully. Local results do not imply official hidden-test success.""}","{""call_count"": 12, ""completed_call_count"": 12, ""pending_call_count"": 0, ""unknown_call_count"": 0, ""known_subtotal"": 254231, ""total_tokens"": 254231, ""reserved_tokens"": 0, ""committed_tokens"": 254231, ""cm_call_allowance"": 6, ""cm_call_count"": 3, ""remaining_cm_calls"": 3, ""remaining_calls"": 3, ""remaining_tokens"": 15769, ""over_token_limit"": false, ""deadline_at"": 21442.906, ""deadline_exceeded"": false, ""frozen"": false, ""scope_id"": ""candidate_1"", ""root_summary"": {""call_count"": 20, ""completed_call_count"": 20, ""pending_call_count"": 0, ""unknown_call_count"": 0, ""known_subtotal"": 417298, ""total_tokens"": 417298, ""reserved_tokens"": 0, ""committed_tokens"": 417298, ""cm_call_allowance"": 12, ""cm_call_count"": 4, ""remaining_cm_calls"": 8, ""remaining_calls"": 12, ""remaining_tokens"": 182702, ""over_token_limit"": false, ""deadline_at"": 21442.906, ""deadline_exceeded"": false, ""frozen"": false}}",modelbench\minimal_value_20260905\batches\a1-v2\results\a1-01-R2\results\a1-01-R2__candidate_1\result.json,b0ea646329c965db7019ab514d4cce6e1a2685a3ff6b1af0a52c65129144fc96
A1,a1-01-R2,a1-01-R2__candidate_2,astropy__astropy-14995,False,"[""astropy/nddata/mixins/ndarithmetic.py""]","{""status"": ""completed"", ""summary"": ""Fixed NDDataRef/NDArithmeticMixin mask propagation when the right operand has no mask: `_arithmetic_mask` now deep-copies `self.mask` when `operand is None` or `operand.mask is None`, avoiding calls such as `np.bitwise_or(integer_mask, None)`. Added a focused parameterized regression test covering two distinct unmasked sources—a scalar and an NDData operand—and verified both mask equality and copy independence. This distinguishes the correct behavior from the faulty implementation that forwards `None` to the mask combiner or aliases the input mask. Baseline behavior reproduced the reported TypeError before repair. Validation after repair: `python -m pytest -q astropy/nddata/mixins/tests/test_ndarithmetic.py -k 'mask_with_unmasked_operand'` → 2 passed, 179 deselected; public check `python -m pytest -q astropy/nddata/mixins/tests/test_ndarithmetic.py` → 181 passed; `git diff --check` passed. Both pytest runs emitted a pre-existing NumPy binary-compatibility RuntimeWarning but had no test failures. Scope was limited to the affected implementation and its public test module; the full repository and official hidden grading were not run.""}","{""call_count"": 8, ""completed_call_count"": 8, ""pending_call_count"": 0, ""unknown_call_count"": 0, ""known_subtotal"": 163067, ""total_tokens"": 163067, ""reserved_tokens"": 0, ""committed_tokens"": 163067, ""cm_call_allowance"": 6, ""cm_call_count"": 1, ""remaining_cm_calls"": 5, ""remaining_calls"": 5, ""remaining_tokens"": 106933, ""over_token_limit"": false, ""deadline_at"": 21442.906, ""deadline_exceeded"": false, ""frozen"": false, ""scope_id"": ""candidate_2"", ""root_summary"": {""call_count"": 18, ""completed_call_count"": 17, ""pending_call_count"": 1, ""unknown_call_count"": 0, ""known_subtotal"": 331543, ""total_tokens"": null, ""reserved_tokens"": 41543, ""committed_tokens"": 373086, ""cm_call_allowance"": 12, ""cm_call_count"": 4, ""remaining_cm_calls"": 8, ""remaining_calls"": 14, ""remaining_tokens"": 226914, ""over_token_limit"": false, ""deadline_at"": 21442.906, ""deadline_exceeded"": false, ""frozen"": false}}",modelbench\minimal_value_20260905\batches\a1-v2\results\a1-01-R2\results\a1-01-R2__candidate_2\result.json,0d440f3af95dc7356b7a5e97ebb35328b5b49cef1407b22a2252b724471ccb22
A1,a1-02-R2,a1-02-R2__candidate_1,pydata__xarray-7229,False,[],"{""status"": ""budget_exhausted"", ""summary"": ""[TOKEN_BUDGET_EXHAUSTED] Reservation exceeds remaining token budget""}","{""call_count"": 13, ""completed_call_count"": 13, ""pending_call_count"": 0, ""unknown_call_count"": 0, ""known_subtotal"": 242842, ""total_tokens"": 242842, ""reserved_tokens"": 0, ""committed_tokens"": 242842, ""cm_call_allowance"": 6, ""cm_call_count"": 4, ""remaining_cm_calls"": 2, ""remaining_calls"": 3, ""remaining_tokens"": 27158, ""over_token_limit"": false, ""deadline_at"": 22798.687, ""deadline_exceeded"": false, ""frozen"": false, ""scope_id"": ""candidate_1"", ""root_summary"": {""call_count"": 25, ""completed_call_count"": 25, ""pending_call_count"": 0, ""unknown_call_count"": 0, ""known_subtotal"": 483862, ""total_tokens"": 483862, ""reserved_tokens"": 0, ""committed_tokens"": 483862, ""cm_call_allowance"": 12, ""cm_call_count"": 7, ""remaining_cm_calls"": 5, ""remaining_calls"": 10, ""remaining_tokens"": 116138, ""over_token_limit"": false, ""deadline_at"": 22798.687, ""deadline_exceeded"": false, ""frozen"": false}}",modelbench\minimal_value_20260905\batches\a1-v2\results\a1-02-R2\results\a1-02-R2__candidate_1\result.json,14b477e1c1a945b950787c9d25830a69872b2d6d9d0e364ce9236dd0c3ffcc70
A1,a1-02-R2,a1-02-R2__candidate_2,pydata__xarray-7229,False,[],"{""status"": ""budget_exhausted"", ""summary"": ""[TOKEN_BUDGET_EXHAUSTED] Reservation exceeds remaining token budget""}","{""call_count"": 12, ""completed_call_count"": 12, ""pending_call_count"": 0, ""unknown_call_count"": 0, ""known_subtotal"": 241020, ""total_tokens"": 241020, ""reserved_tokens"": 0, ""committed_tokens"": 241020, ""cm_call_allowance"": 6, ""cm_call_count"": 3, ""remaining_cm_calls"": 3, ""remaining_calls"": 3, ""remaining_tokens"": 28980, ""over_token_limit"": false, ""deadline_at"": 22798.687, ""deadline_exceeded"": false, ""frozen"": false, ""scope_id"": ""candidate_2"", ""root_summary"": {""call_count"": 25, ""completed_call_count"": 24, ""pending_call_count"": 1, ""unknown_call_count"": 0, ""known_subtotal"": 447269, ""total_tokens"": null, ""reserved_tokens"": 48248, ""committed_tokens"": 495517, ""cm_call_allowance"": 12, ""cm_call_count"": 7, ""remaining_cm_calls"": 5, ""remaining_calls"": 10, ""remaining_tokens"": 104483, ""over_token_limit"": false, ""deadline_at"": 22798.687, ""deadline_exceeded"": false, ""frozen"": false}}",modelbench\minimal_value_20260905\batches\a1-v2\results\a1-02-R2\results\a1-02-R2__candidate_2\result.json,6cdf92a84423f25454783068dd38015b77030a57cc3cf557e9c982cad2b3c27e
A2,a2-01-R2,a2-01-R2__candidate_1,sympy__sympy-13852,False,"[""sympy/functions/special/zeta_functions.py""]","{""status"": ""budget_exhausted"", ""summary"": ""[TOKEN_BUDGET_EXHAUSTED] Reservation exceeds remaining token budget""}","{""call_count"": 12, ""completed_call_count"": 12, ""pending_call_count"": 0, ""unknown_call_count"": 0, ""known_subtotal"": 250251, ""total_tokens"": 250251, ""reserved_tokens"": 0, ""committed_tokens"": 250251, ""cm_call_allowance"": 6, ""cm_call_count"": 3, ""remaining_cm_calls"": 3, ""remaining_calls"": 3, ""remaining_tokens"": 19749, ""over_token_limit"": false, ""deadline_at"": 12248.39, ""deadline_exceeded"": false, ""frozen"": false, ""scope_id"": ""candidate_1"", ""root_summary"": {""call_count"": 25, ""completed_call_count"": 25, ""pending_call_count"": 0, ""unknown_call_count"": 0, ""known_subtotal"": 489668, ""total_tokens"": 489668, ""reserved_tokens"": 0, ""committed_tokens"": 489668, ""cm_call_allowance"": 12, ""cm_call_count"": 7, ""remaining_cm_calls"": 5, ""remaining_calls"": 10, ""remaining_tokens"": 110332, ""over_token_limit"": false, ""deadline_at"": 12248.39, ""deadline_exceeded"": false, ""frozen"": false}}",modelbench\minimal_value_20260905\batches\a2-v1\results\a2-01-R2\results\a2-01-R2__candidate_1\result.json,41b453f2fa764ac15628415018f5eaf1f505797099bd8c1b0a7fa09a3fca0781
A2,a2-01-R2,a2-01-R2__candidate_2,sympy__sympy-13852,True,"[""sympy/functions/special/zeta_functions.py""]","{""status"": ""completed"", ""summary"": ""Implemented the focused polylog expansion fix in sympy/functions/special/zeta_functions.py: expand_func(polylog(2, S.Half)) now returns pi**2/12 - log(2)**2/2, and polylog(1, z) now expands directly to -log(1 - z) without exp_polar. Updated its docstring and added regression tests covering the exact half-value, preservation of the order-one derivative, and guards proving that polylog(3, 1/2) and polylog(2, 1/3) remain unevaluated; these distinguish the fix from over-broad implementations based only on order or argument. Verification: the public polylog-filtered test passed; focused exact-behavior checks all passed; git diff --check passed; and the complete test_zeta_functions.py passed 10/10 after preloading a legacy assumptions module while suppressing its Python 3.9 collections-ABC deprecation warning. A prior unfiltered complete-file run reported 8 passes and 2 exceptions solely from that unrelated legacy DeprecationWarning. The existing Wester R18 check remains marked XFAIL and was reported as one expected failure. Scope is intentionally limited to the requested exact dilogarithm value rather than adding general polylogarithm identity evaluation. No official hidden-test result is claimed.""}","{""call_count"": 13, ""completed_call_count"": 13, ""pending_call_count"": 0, ""unknown_call_count"": 0, ""known_subtotal"": 239417, ""total_tokens"": 239417, ""reserved_tokens"": 0, ""committed_tokens"": 239417, ""cm_call_allowance"": 6, ""cm_call_count"": 4, ""remaining_cm_calls"": 2, ""remaining_calls"": 3, ""remaining_tokens"": 30583, ""over_token_limit"": false, ""deadline_at"": 12248.39, ""deadline_exceeded"": false, ""frozen"": false, ""scope_id"": ""candidate_2"", ""root_summary"": {""call_count"": 25, ""completed_call_count"": 24, ""pending_call_count"": 1, ""unknown_call_count"": 0, ""known_subtotal"": 460839, ""total_tokens"": null, ""reserved_tokens"": 47271, ""committed_tokens"": 508110, ""cm_call_allowance"": 12, ""cm_call_count"": 7, ""remaining_cm_calls"": 5, ""remaining_calls"": 10, ""remaining_tokens"": 91890, ""over_token_limit"": false, ""deadline_at"": 12248.39, ""deadline_exceeded"": false, ""frozen"": false}}",modelbench\minimal_value_20260905\batches\a2-v1\results\a2-01-R2\results\a2-01-R2__candidate_2\result.json,55d315b00d070605caf7868ae4f725a229f212d801573e13237c24c9002c73b3
A2,a2-02-R2,a2-02-R2__candidate_1,django__django-10880,True,"[""django/db/models/aggregates.py""]","{""status"": ""completed"", ""summary"": ""Fixed aggregate SQL generation by emitting `DISTINCT ` with a trailing space, producing valid SQL such as `COUNT(DISTINCT CASE WHEN ...)`. Added a focused regression in `AggregateTestCase.test_count` covering conditional values, duplicate qualifying values, nonqualifying values, and empty groups; its `[2, 0, 1, 1, 0]` expectation also distinguishes a wrong fix that merely drops DISTINCT (which would count the duplicated 4.0 rating twice). Baseline command `python tests/runtests.py aggregation.tests.AggregateTestCase.test_count --settings=test_sqlite --parallel=1` reproduced `sqlite3.OperationalError: near \""WHEN\"": syntax error`. After the fix, that focused command passed (1 test), the declared public command `python tests/runtests.py aggregation.tests.AggregateTestCase.test_count aggregation.test_filter_argument.FilteredAggregateTests.test_case_aggregate --settings=test_sqlite --parallel=1` passed (2 tests), and `python tests/runtests.py aggregation --settings=test_sqlite --parallel=1` passed (65 tests). `git diff --check` passed. Scope is limited to aggregate DISTINCT token separation plus its regression test; validation was local on SQLite and does not claim official hidden grading or direct execution against other database backends.""}","{""call_count"": 11, ""completed_call_count"": 11, ""pending_call_count"": 0, ""unknown_call_count"": 0, ""known_subtotal"": 209769, ""total_tokens"": 209769, ""reserved_tokens"": 0, ""committed_tokens"": 209769, ""cm_call_allowance"": 6, ""cm_call_count"": 2, ""remaining_cm_calls"": 4, ""remaining_calls"": 3, ""remaining_tokens"": 60231, ""over_token_limit"": false, ""deadline_at"": 12705.562, ""deadline_exceeded"": false, ""frozen"": false, ""scope_id"": ""candidate_1"", ""root_summary"": {""call_count"": 21, ""completed_call_count"": 21, ""pending_call_count"": 0, ""unknown_call_count"": 0, ""known_subtotal"": 385377, ""total_tokens"": 385377, ""reserved_tokens"": 0, ""committed_tokens"": 385377, ""cm_call_allowance"": 12, ""cm_call_count"": 4, ""remaining_cm_calls"": 8, ""remaining_calls"": 11, ""remaining_tokens"": 214623, ""over_token_limit"": false, ""deadline_at"": 12705.562, ""deadline_exceeded"": false, ""frozen"": false}}",modelbench\minimal_value_20260905\batches\a2-v1\results\a2-02-R2\results\a2-02-R2__candidate_1\result.json,9690caff2e5f1aad578aa1db15ac8ee27fda82746dd8a7765bd8fc5ac4892c56
A2,a2-02-R2,a2-02-R2__candidate_2,django__django-10880,False,"[""django/db/models/aggregates.py""]","{""status"": ""completed"", ""summary"": ""Fixed aggregate SQL generation by rendering the distinct token as `DISTINCT ` with a trailing space, preventing invalid SQL such as `COUNT(DISTINCTCASE WHEN ...)`. Added `AggregateTestCase.test_count_distinct_expression`, which executes `Count(Case(When(...)), distinct=True)` and verifies two distinct publishers. This direct Case expression distinguishes the fix from an incomplete implementation that only adjusts the backend fallback for filtered aggregates. Baseline focused test failed with SQLite `OperationalError: near \""WHEN\"": syntax error`; after the repair it passed. Public check `python tests/runtests.py aggregation.tests.AggregateTestCase.test_count aggregation.test_filter_argument.FilteredAggregateTests.test_case_aggregate --settings=test_sqlite --parallel=1` passed (2 tests). Broader `python tests/runtests.py aggregation aggregation_regress --settings=test_sqlite --parallel=1` passed (129 tests, 4 skipped). `git diff --check` passed. Changes are limited to `django/db/models/aggregates.py` and `tests/aggregation/tests.py`; validation was local on SQLite, not official hidden grading or every database backend.""}","{""call_count"": 10, ""completed_call_count"": 10, ""pending_call_count"": 0, ""unknown_call_count"": 0, ""known_subtotal"": 175608, ""total_tokens"": 175608, ""reserved_tokens"": 0, ""committed_tokens"": 175608, ""cm_call_allowance"": 6, ""cm_call_count"": 2, ""remaining_cm_calls"": 4, ""remaining_calls"": 4, ""remaining_tokens"": 94392, ""over_token_limit"": false, ""deadline_at"": 12705.562, ""deadline_exceeded"": false, ""frozen"": false, ""scope_id"": ""candidate_2"", ""root_summary"": {""call_count"": 21, ""completed_call_count"": 21, ""pending_call_count"": 0, ""unknown_call_count"": 0, ""known_subtotal"": 385377, ""total_tokens"": 385377, ""reserved_tokens"": 0, ""committed_tokens"": 385377, ""cm_call_allowance"": 12, ""cm_call_count"": 4, ""remaining_cm_calls"": 8, ""remaining_calls"": 11, ""remaining_tokens"": 214623, ""over_token_limit"": false, ""deadline_at"": 12705.562, ""deadline_exceeded"": false, ""frozen"": false}}",modelbench\minimal_value_20260905\batches\a2-v1\results\a2-02-R2\results\a2-02-R2__candidate_2\result.json,2851fea53e6d50f2db8d3083e25134c3d701419b81baed795edf3eba4e679681
A2,a2-03-R2,a2-03-R2__candidate_1,matplotlib__matplotlib-23412,True,"[""lib/matplotlib/patches.py""]","{""status"": ""completed"", ""summary"": ""Fixed Patch.draw so patch objects preserve the scaled dash offset already stored in _dash_pattern instead of temporarily forcing it to zero. Added a focused renderer-level regression test parameterized over Rectangle and Ellipse; with linewidth=2 and linestyle=(3, (5, 7)), it verifies the renderer receives (6, [10, 14]). This distinguishes the prior/wrong implementation that forwards only the dash sequence while resetting every nonzero offset: such code can pass offset-zero tests but fails this nonzero-offset case. Baseline evidence showed nonzero stored offsets rendered as zero for both patch types; after the repair, `python -m pytest lib/matplotlib/tests/test_patches.py -q -k linestyle` reported 7 passed, 1 skipped, 48 deselected. The full `python -m pytest lib/matplotlib/tests/test_patches.py -q` reported 48 passed, 8 skipped. `git diff --check` passed. Scope is limited to Patch.draw and its focused tests; the entire repository and every output backend were not tested, and no claim is made about official hidden grading.""}","{""call_count"": 13, ""completed_call_count"": 13, ""pending_call_count"": 0, ""unknown_call_count"": 0, ""known_subtotal"": 231852, ""total_tokens"": 231852, ""reserved_tokens"": 0, ""committed_tokens"": 231852, ""cm_call_allowance"": 6, ""cm_call_count"": 4, ""remaining_cm_calls"": 2, ""remaining_calls"": 3, ""remaining_tokens"": 38148, ""over_token_limit"": false, ""deadline_at"": 21982.125, ""deadline_exceeded"": false, ""frozen"": false, ""scope_id"": ""candidate_1"", ""root_summary"": {""call_count"": 24, ""completed_call_count"": 24, ""pending_call_count"": 0, ""unknown_call_count"": 0, ""known_subtotal"": 451667, ""total_tokens"": 451667, ""reserved_tokens"": 0, ""committed_tokens"": 451667, ""cm_call_allowance"": 12, ""cm_call_count"": 6, ""remaining_cm_calls"": 6, ""remaining_calls"": 10, ""remaining_tokens"": 148333, ""over_token_limit"": false, ""deadline_at"": 21982.125, ""deadline_exceeded"": false, ""frozen"": false}}",modelbench\minimal_value_20260905\batches\a2-recovery-b-v1\results\a2-03-R2\results\a2-03-R2__candidate_1\result.json,61ea167b7d71c76e734bb49aef9a730acdb6eb74cc0cca63f8ed116e5b240acd
A2,a2-03-R2,a2-03-R2__candidate_2,matplotlib__matplotlib-23412,False,"[""lib/matplotlib/patches.py""]","{""status"": ""completed"", ""summary"": ""Fixed patch dash offsets by removing Patch.draw's temporary override that forced every dash offset to zero, allowing the already-scaled _dash_pattern to reach the renderer unchanged. Added test_patch_linestyle_dash_offset with a recording RendererBase: two Rectangles use identical dash sequences but offsets 0 and 3 at linewidth 2, and the test verifies renderer values (0, [8, 10]) and (6, [8, 10]). This distinguishes the former/wrong implementation, which produced offset 0 for both despite distinct inputs, while also checking linewidth scaling. Baseline counterexample command failed as expected with AssertionError and recorded [(0, [8, 10]), (0, [8, 10])]. Focused public check `python -m pytest lib/matplotlib/tests/test_patches.py -q -k linestyle` passed: 6 passed, 1 skipped, 48 deselected. Full file check `python -m pytest lib/matplotlib/tests/test_patches.py -q` passed: 47 passed, 8 skipped. `git diff --check` passed. Scope is limited to Patch.draw and one focused regression test; backend-specific rendering and official hidden grading were not run locally.""}","{""call_count"": 11, ""completed_call_count"": 11, ""pending_call_count"": 0, ""unknown_call_count"": 0, ""known_subtotal"": 219815, ""total_tokens"": 219815, ""reserved_tokens"": 0, ""committed_tokens"": 219815, ""cm_call_allowance"": 6, ""cm_call_count"": 2, ""remaining_cm_calls"": 4, ""remaining_calls"": 3, ""remaining_tokens"": 50185, ""over_token_limit"": false, ""deadline_at"": 21982.125, ""deadline_exceeded"": false, ""frozen"": false, ""scope_id"": ""candidate_2"", ""root_summary"": {""call_count"": 21, ""completed_call_count"": 20, ""pending_call_count"": 1, ""unknown_call_count"": 0, ""known_subtotal"": 368558, ""total_tokens"": null, ""reserved_tokens"": 42746, ""committed_tokens"": 411304, ""cm_call_allowance"": 12, ""cm_call_count"": 5, ""remaining_cm_calls"": 7, ""remaining_calls"": 12, ""remaining_tokens"": 188696, ""over_token_limit"": false, ""deadline_at"": 21982.125, ""deadline_exceeded"": false, ""frozen"": false}}",modelbench\minimal_value_20260905\batches\a2-recovery-b-v1\results\a2-03-R2\results\a2-03-R2__candidate_2\result.json,713bdf68f6222d8a89b18418296cb6a03248d632c667feee3c3e8bba23a55825
A2,a2-04-R2,a2-04-R2__candidate_1,django__django-12050,True,"[""django/db/models/sql/query.py""]","{""status"": ""completed"", ""summary"": ""Completed minimal fix in django/db/models/sql/query.py: resolve_lookup_value() now reconstructs resolved list/tuple values with type(value)(resolved_values), preserving the caller's iterable type. Added tests/queries/test_query.py regression coverage using distinct list and tuple inputs containing F('num'); it verifies both exact output type and expression resolution to SimpleCol. This distinguishes the prior/wrong hard-coded tuple(resolved_values) implementation, which silently converts list inputs. Baseline command `python tests/runtests.py queries.test_query.TestQuery.test_resolve_lookup_value_preserves_iterable_type --settings=test_sqlite --parallel=1` failed for the list case (tuple is not list). After the fix, the same focused command passed: 1 test, OK. Verification command `git diff --check && git diff -- django/db/models/sql/query.py tests/queries/test_query.py && python tests/runtests.py queries.test_query --settings=test_sqlite --parallel=1` passed: diff check clean and 11 tests, OK. Scope is limited to list/tuple reconstruction and its focused regression test. Official hidden grading was not run, and local success is not an official result.""}","{""call_count"": 10, ""completed_call_count"": 10, ""pending_call_count"": 0, ""unknown_call_count"": 0, ""known_subtotal"": 169593, ""total_tokens"": 169593, ""reserved_tokens"": 0, ""committed_tokens"": 169593, ""cm_call_allowance"": 6, ""cm_call_count"": 2, ""remaining_cm_calls"": 4, ""remaining_calls"": 4, ""remaining_tokens"": 100407, ""over_token_limit"": false, ""deadline_at"": 21982.296, ""deadline_exceeded"": false, ""frozen"": false, ""scope_id"": ""candidate_1"", ""root_summary"": {""call_count"": 18, ""completed_call_count"": 17, ""pending_call_count"": 1, ""unknown_call_count"": 0, ""known_subtotal"": 304365, ""total_tokens"": null, ""reserved_tokens"": 36619, ""committed_tokens"": 340984, ""cm_call_allowance"": 12, ""cm_call_count"": 3, ""remaining_cm_calls"": 9, ""remaining_calls"": 13, ""remaining_tokens"": 259016, ""over_token_limit"": false, ""deadline_at"": 21982.296, ""deadline_exceeded"": false, ""frozen"": false}}",modelbench\minimal_value_20260905\batches\a2-recovery-b-v1\results\a2-04-R2\results\a2-04-R2__candidate_1\result.json,1b7cb32e8d32eabca6747cab202d2f8ceda59dc4b69a7a510cb0b4773f414299
A2,a2-04-R2,a2-04-R2__candidate_2,django__django-12050,False,"[""django/db/models/sql/query.py""]","{""status"": ""completed"", ""summary"": ""Implemented the minimal fix in django/db/models/sql/query.py: resolve_lookup_value() now reconstructs list/tuple inputs with type(value)(resolved_values), preserving the caller's iterable type while retaining expression resolution. Added tests/queries/test_query.py::TestQuery::test_resolve_lookup_value_preserves_iterable_type covering distinct list and tuple inputs; type assertions catch the tuple-hardcoding regression, while identity assertions distinguish an incorrect implementation that simply returns the original values without resolving F expressions. Baseline reproduced list -> tuple and tuple -> tuple; the pre-fix public query suite ran 10 tests successfully. Verification: `python tests/runtests.py queries.test_query.TestQuery.test_resolve_lookup_value_preserves_iterable_type --settings=test_sqlite --parallel=1` ran 1 test, OK; `python tests/runtests.py queries.test_query --settings=test_sqlite --parallel=1` ran 11 tests, OK; `python tests/runtests.py queries --settings=test_sqlite --parallel=1` ran 377 tests, OK (14 skipped, 2 expected failures); `git diff --check` reported no errors. Scope is limited to the lookup reconstruction line and its focused regression test. The original GIS regression test could not run because this checkout lacks the `test_spatialite` settings module (`ModuleNotFoundError`); no official hidden-test result is claimed.""}","{""call_count"": 12, ""completed_call_count"": 12, ""pending_call_count"": 0, ""unknown_call_count"": 0, ""known_subtotal"": 233687, ""total_tokens"": 233687, ""reserved_tokens"": 0, ""committed_tokens"": 233687, ""cm_call_allowance"": 6, ""cm_call_count"": 1, ""remaining_cm_calls"": 5, ""remaining_calls"": 1, ""remaining_tokens"": 36313, ""over_token_limit"": false, ""deadline_at"": 21982.296, ""deadline_exceeded"": false, ""frozen"": false, ""scope_id"": ""candidate_2"", ""root_summary"": {""call_count"": 22, ""completed_call_count"": 22, ""pending_call_count"": 0, ""unknown_call_count"": 0, ""known_subtotal"": 403280, ""total_tokens"": 403280, ""reserved_tokens"": 0, ""committed_tokens"": 403280, ""cm_call_allowance"": 12, ""cm_call_count"": 3, ""remaining_cm_calls"": 9, ""remaining_calls"": 9, ""remaining_tokens"": 196720, ""over_token_limit"": false, ""deadline_at"": 21982.296, ""deadline_exceeded"": false, ""frozen"": false}}",modelbench\minimal_value_20260905\batches\a2-recovery-b-v1\results\a2-04-R2\results\a2-04-R2__candidate_2\result.json,67d1fb5464b4785e7c42650b2e0b2253ce7e1c5ec62e29e7cbcba916d2994c34
A2,a2-06-R2,a2-06-R2__candidate_1,psf__requests-1142,False,[],"{""status"": ""budget_exhausted"", ""summary"": ""[TOKEN_BUDGET_EXHAUSTED] Reservation exceeds remaining token budget""}","{""call_count"": 13, ""completed_call_count"": 13, ""pending_call_count"": 0, ""unknown_call_count"": 0, ""known_subtotal"": 234933, ""total_tokens"": 234933, ""reserved_tokens"": 0, ""committed_tokens"": 234933, ""cm_call_allowance"": 6, ""cm_call_count"": 5, ""remaining_cm_calls"": 1, ""remaining_calls"": 4, ""remaining_tokens"": 35067, ""over_token_limit"": false, ""deadline_at"": 26977.203, ""deadline_exceeded"": false, ""frozen"": false, ""scope_id"": ""candidate_1"", ""root_summary"": {""call_count"": 24, ""completed_call_count"": 24, ""pending_call_count"": 0, ""unknown_call_count"": 0, ""known_subtotal"": 448166, ""total_tokens"": 448166, ""reserved_tokens"": 0, ""committed_tokens"": 448166, ""cm_call_allowance"": 12, ""cm_call_count"": 7, ""remaining_cm_calls"": 5, ""remaining_calls"": 11, ""remaining_tokens"": 151834, ""over_token_limit"": false, ""deadline_at"": 26977.203, ""deadline_exceeded"": false, ""frozen"": false}}",modelbench\minimal_value_20260905\batches\a2-resume-v2\results\a2-06-R2\results\a2-06-R2__candidate_1\result.json,48aeb725c2a23da758b0d978b962fce7c4e721ff80831eb5d9f83eed8172d9cb
A2,a2-06-R2,a2-06-R2__candidate_2,psf__requests-1142,True,"[""requests/models.py""]","{""status"": ""completed"", ""summary"": ""Implemented a minimal method-aware fix in requests/models.py: bodyless GET and HEAD requests no longer receive an automatic Content-Length: 0, including after authentication recomputes headers. Requests with bodies still calculate Content-Length, bodyless POST still receives Content-Length: 0, and explicitly supplied headers remain untouched. Added focused regression tests in test_requests.py covering bodyless GET, auth recomputation, bodyless HEAD, GET with body, and bodyless POST. The counterexample distinguishes this from the overly broad wrong fix of suppressing Content-Length for every GET/HEAD, which would incorrectly omit it for GET data='abc', and from fixing only initial preparation, which auth recomputation would undo. Baseline observation command showed GET/HEAD without bodies both had Content-Length='0', GET with body had '3', and POST without body had '0'. Verification commands: `python -m unittest test_requests.RequestsTestCase.test_bodyless_get_does_not_set_content_length test_requests.RequestsTestCase.test_content_length_method_and_body_boundaries` ran 2 tests, OK; `python -m unittest test_requests.RequestsTestCase.test_basic_building test_requests.RequestsTestCase.test_path_is_not_double_encoded test_requests.RequestsTestCase.test_params_are_added_before_fragment` ran 3 tests, OK; `git diff --check` passed. Scope is request preparation only; adapters.py required no change because its existing body-is-None condition already avoids chunking. The full suite and network behavior were not tested, and official hidden grading has not run.""}","{""call_count"": 11, ""completed_call_count"": 11, ""pending_call_count"": 0, ""unknown_call_count"": 0, ""known_subtotal"": 213233, ""total_tokens"": 213233, ""reserved_tokens"": 0, ""committed_tokens"": 213233, ""cm_call_allowance"": 6, ""cm_call_count"": 2, ""remaining_cm_calls"": 4, ""remaining_calls"": 3, ""remaining_tokens"": 56767, ""over_token_limit"": false, ""deadline_at"": 26977.203, ""deadline_exceeded"": false, ""frozen"": false, ""scope_id"": ""candidate_2"", ""root_summary"": {""call_count"": 23, ""completed_call_count"": 23, ""pending_call_count"": 0, ""unknown_call_count"": 0, ""known_subtotal"": 422120, ""total_tokens"": 422120, ""reserved_tokens"": 0, ""committed_tokens"": 422120, ""cm_call_allowance"": 12, ""cm_call_count"": 7, ""remaining_cm_calls"": 5, ""remaining_calls"": 12, ""remaining_tokens"": 177880, ""over_token_limit"": false, ""deadline_at"": 26977.203, ""deadline_exceeded"": false, ""frozen"": false}}",modelbench\minimal_value_20260905\batches\a2-resume-v2\results\a2-06-R2\results\a2-06-R2__candidate_2\result.json,50e13a1417238cfdcbfbb59f63210a4d4a4a1680ad7fb6ab38cf1013193b0ec2
A2,a2-07-R2,a2-07-R2__candidate_1,matplotlib__matplotlib-20826,False,[],"{""status"": ""budget_exhausted"", ""summary"": ""[TOKEN_BUDGET_EXHAUSTED] Reservation exceeds remaining token budget""}","{""call_count"": 13, ""completed_call_count"": 13, ""pending_call_count"": 0, ""unknown_call_count"": 0, ""known_subtotal"": 229481, ""total_tokens"": 229481, ""reserved_tokens"": 0, ""committed_tokens"": 229481, ""cm_call_allowance"": 6, ""cm_call_count"": 6, ""remaining_cm_calls"": 0, ""remaining_calls"": 5, ""remaining_tokens"": 40519, ""over_token_limit"": false, ""deadline_at"": 27522.656, ""deadline_exceeded"": false, ""frozen"": false, ""scope_id"": ""candidate_1"", ""root_summary"": {""call_count"": 26, ""completed_call_count"": 26, ""pending_call_count"": 0, ""unknown_call_count"": 0, ""known_subtotal"": 478610, ""total_tokens"": 478610, ""reserved_tokens"": 0, ""committed_tokens"": 478610, ""cm_call_allowance"": 12, ""cm_call_count"": 11, ""remaining_cm_calls"": 1, ""remaining_calls"": 13, ""remaining_tokens"": 121390, ""over_token_limit"": false, ""deadline_at"": 27522.656, ""deadline_exceeded"": false, ""frozen"": false}}",modelbench\minimal_value_20260905\batches\a2-resume-v2\results\a2-07-R2\results\a2-07-R2__candidate_1\result.json,3c2f4b8bdbc3adba8f291f1924786b5190b2aa76884bad530eb301329ff1eef1
A2,a2-07-R2,a2-07-R2__candidate_2,matplotlib__matplotlib-20826,False,[],"{""status"": ""budget_exhausted"", ""summary"": ""[TOKEN_BUDGET_EXHAUSTED] Reservation exceeds remaining token budget""}","{""call_count"": 13, ""completed_call_count"": 13, ""pending_call_count"": 0, ""unknown_call_count"": 0, ""known_subtotal"": 249129, ""total_tokens"": 249129, ""reserved_tokens"": 0, ""committed_tokens"": 249129, ""cm_call_allowance"": 6, ""cm_call_count"": 5, ""remaining_cm_calls"": 1, ""remaining_calls"": 4, ""remaining_tokens"": 20871, ""over_token_limit"": false, ""deadline_at"": 27522.656, ""deadline_exceeded"": false, ""frozen"": false, ""scope_id"": ""candidate_2"", ""root_summary"": {""call_count"": 26, ""completed_call_count"": 25, ""pending_call_count"": 1, ""unknown_call_count"": 0, ""known_subtotal"": 462635, ""total_tokens"": null, ""reserved_tokens"": 24319, ""committed_tokens"": 486954, ""cm_call_allowance"": 12, ""cm_call_count"": 11, ""remaining_cm_calls"": 1, ""remaining_calls"": 13, ""remaining_tokens"": 113046, ""over_token_limit"": false, ""deadline_at"": 27522.656, ""deadline_exceeded"": false, ""frozen"": false}}",modelbench\minimal_value_20260905\batches\a2-resume-v2\results\a2-07-R2\results\a2-07-R2__candidate_2\result.json,cb54f8582da05e2a49ad2de46acac8cf133c36b782388b1fba814d0383409a67
A2,a2-08-R2,a2-08-R2__candidate_1,pydata__xarray-7233,False,"[""xarray/core/rolling.py""]","{""status"": ""completed"", ""summary"": ""Updated Coarsen.construct to restore every original coordinate after reshaping, rather than only coordinates whose names match coarsened dimensions. Added a focused regression test using the non-dimensional `day` coordinate; it distinguishes the previous implementation, which intersected coordinate names with `window_dim` and therefore demoted `day` to a data variable. Baseline reproduction observed `before_coords ['day']`, `after_coords []`, and `after_data_vars ['day', 'T']`. Verification: `python -m pytest xarray/tests/test_coarsen.py::test_coarsen_construct_preserves_non_dimensional_coordinates xarray/tests/test_coarsen.py::test_coarsen_construct xarray/tests/test_coarsen.py::test_coarsen_coords -q` passed 7 tests; `git diff --check` passed; `python -m pytest xarray/tests/test_coarsen.py -q` passed 190 tests with 8 skipped. Scope is limited to coordinate classification in Coarsen.construct plus its regression test; official hidden grading was not run locally.""}","{""call_count"": 9, ""completed_call_count"": 9, ""pending_call_count"": 0, ""unknown_call_count"": 0, ""known_subtotal"": 171786, ""total_tokens"": 171786, ""reserved_tokens"": 0, ""committed_tokens"": 171786, ""cm_call_allowance"": 6, ""cm_call_count"": 1, ""remaining_cm_calls"": 5, ""remaining_calls"": 4, ""remaining_tokens"": 98214, ""over_token_limit"": false, ""deadline_at"": 28954.093, ""deadline_exceeded"": false, ""frozen"": false, ""scope_id"": ""candidate_1"", ""root_summary"": {""call_count"": 15, ""completed_call_count"": 14, ""pending_call_count"": 1, ""unknown_call_count"": 0, ""known_subtotal"": 258257, ""total_tokens"": null, ""reserved_tokens"": 39598, ""committed_tokens"": 297855, ""cm_call_allowance"": 12, ""cm_call_count"": 2, ""remaining_cm_calls"": 10, ""remaining_calls"": 15, ""remaining_tokens"": 302145, ""over_token_limit"": false, ""deadline_at"": 28954.093, ""deadline_exceeded"": false, ""frozen"": false}}",modelbench\minimal_value_20260905\batches\a2-resume-v2\results\a2-08-R2\results\a2-08-R2__candidate_1\result.json,b215b4f795f3c406a749a492579805c24ee8f4f623602364d6dcc0e1ea1e1b36
A2,a2-08-R2,a2-08-R2__candidate_2,pydata__xarray-7233,True,"[""xarray/core/rolling.py""]","{""status"": ""completed"", ""summary"": ""Fixed Coarsen.construct so every original Dataset/DataArray coordinate remains a coordinate after reshaping, replacing the dimension-name intersection with set(self.obj.coords). Added the issue-derived `day(time)` auxiliary-coordinate regression test and updated the existing construct expectation so the unaffected `y` coordinate is also preserved. Baseline reproduction showed `day` incorrectly moved from coords to data_vars; the repaired test distinguishes this from the plausible incomplete implementation that restores only coarsened dimension coordinates. Validation: `python -m pytest xarray/tests/test_coarsen.py::test_coarsen_construct_preserves_non_dimension_coordinates xarray/tests/test_coarsen.py::test_coarsen_construct xarray/tests/test_coarsen.py::test_coarsen_coords -q` -> 7 passed; `git diff --check && git diff -- xarray/core/rolling.py xarray/tests/test_coarsen.py && python -m pytest xarray/tests/test_coarsen.py -q` -> diff check passed and 190 passed, 8 skipped. Scope is limited to coordinate classification in Coarsen.construct plus focused expectations; no hidden tests were run, and local success is not an official grading result.""}","{""call_count"": 9, ""completed_call_count"": 9, ""pending_call_count"": 0, ""unknown_call_count"": 0, ""known_subtotal"": 178958, ""total_tokens"": 178958, ""reserved_tokens"": 0, ""committed_tokens"": 178958, ""cm_call_allowance"": 6, ""cm_call_count"": 1, ""remaining_cm_calls"": 5, ""remaining_calls"": 4, ""remaining_tokens"": 91042, ""over_token_limit"": false, ""deadline_at"": 28954.093, ""deadline_exceeded"": false, ""frozen"": false, ""scope_id"": ""candidate_2"", ""root_summary"": {""call_count"": 18, ""completed_call_count"": 18, ""pending_call_count"": 0, ""unknown_call_count"": 0, ""known_subtotal"": 350744, ""total_tokens"": 350744, ""reserved_tokens"": 0, ""committed_tokens"": 350744, ""cm_call_allowance"": 12, ""cm_call_count"": 2, ""remaining_cm_calls"": 10, ""remaining_calls"": 12, ""remaining_tokens"": 249256, ""over_token_limit"": false, ""deadline_at"": 28954.093, ""deadline_exceeded"": false, ""frozen"": false}}",modelbench\minimal_value_20260905\batches\a2-resume-v2\results\a2-08-R2\results\a2-08-R2__candidate_2\result.json,4790ff4bcebd2c03444a4308baf4f1f4577dbfb309a74f1e4ebe7b1fba7861cb
A2,a2-09-R2,a2-09-R2__candidate_1,pylint-dev__pylint-6386,True,"[""pylint/config/utils.py"", ""pylint/lint/base_options.py""]","{""status"": ""budget_exhausted"", ""summary"": ""[TOKEN_BUDGET_EXHAUSTED] Reservation exceeds remaining token budget""}","{""call_count"": 13, ""completed_call_count"": 13, ""pending_call_count"": 0, ""unknown_call_count"": 0, ""known_subtotal"": 235892, ""total_tokens"": 235892, ""reserved_tokens"": 0, ""committed_tokens"": 235892, ""cm_call_allowance"": 6, ""cm_call_count"": 3, ""remaining_cm_calls"": 3, ""remaining_calls"": 2, ""remaining_tokens"": 34108, ""over_token_limit"": false, ""deadline_at"": 28954.265, ""deadline_exceeded"": false, ""frozen"": false, ""scope_id"": ""candidate_1"", ""root_summary"": {""call_count"": 26, ""completed_call_count"": 26, ""pending_call_count"": 0, ""unknown_call_count"": 0, ""known_subtotal"": 469978, ""total_tokens"": 469978, ""reserved_tokens"": 0, ""committed_tokens"": 469978, ""cm_call_allowance"": 12, ""cm_call_count"": 7, ""remaining_cm_calls"": 5, ""remaining_calls"": 9, ""remaining_tokens"": 130022, ""over_token_limit"": false, ""deadline_at"": 28954.265, ""deadline_exceeded"": false, ""frozen"": false}}",modelbench\minimal_value_20260905\batches\a2-resume-v2\results\a2-09-R2\results\a2-09-R2__candidate_1\result.json,c7bde5ec5635bcd15b9e78d74136ce91747e2b5dc6fc664821bb746ffd008e9a
A2,a2-09-R2,a2-09-R2__candidate_2,pylint-dev__pylint-6386,False,"[""pylint/config/utils.py"", ""pylint/lint/base_options.py""]","{""status"": ""budget_exhausted"", ""summary"": ""[TOKEN_BUDGET_EXHAUSTED] Reservation exceeds remaining token budget""}","{""call_count"": 13, ""completed_call_count"": 13, ""pending_call_count"": 0, ""unknown_call_count"": 0, ""known_subtotal"": 234086, ""total_tokens"": 234086, ""reserved_tokens"": 0, ""committed_tokens"": 234086, ""cm_call_allowance"": 6, ""cm_call_count"": 4, ""remaining_cm_calls"": 2, ""remaining_calls"": 3, ""remaining_tokens"": 35914, ""over_token_limit"": false, ""deadline_at"": 28954.265, ""deadline_exceeded"": false, ""frozen"": false, ""scope_id"": ""candidate_2"", ""root_summary"": {""call_count"": 24, ""completed_call_count"": 23, ""pending_call_count"": 1, ""unknown_call_count"": 0, ""known_subtotal"": 401879, ""total_tokens"": null, ""reserved_tokens"": 38529, ""committed_tokens"": 440408, ""cm_call_allowance"": 12, ""cm_call_count"": 7, ""remaining_cm_calls"": 5, ""remaining_calls"": 11, ""remaining_tokens"": 159592, ""over_token_limit"": false, ""deadline_at"": 28954.265, ""deadline_exceeded"": false, ""frozen"": false}}",modelbench\minimal_value_20260905\batches\a2-resume-v2\results\a2-09-R2\results\a2-09-R2__candidate_2\result.json,25d52f164a465ff8fb90adcfbc6257cfa701cc4d4baa2c7b6645020e248a2561
A2,a2-10-R2,a2-10-R2__candidate_1,sympy__sympy-22456,False,[],"{""status"": ""budget_exhausted"", ""summary"": ""[TOKEN_BUDGET_EXHAUSTED] Reservation exceeds remaining token budget""}","{""call_count"": 11, ""completed_call_count"": 11, ""pending_call_count"": 0, ""unknown_call_count"": 0, ""known_subtotal"": 219304, ""total_tokens"": 219304, ""reserved_tokens"": 0, ""committed_tokens"": 219304, ""cm_call_allowance"": 6, ""cm_call_count"": 2, ""remaining_cm_calls"": 4, ""remaining_calls"": 3, ""remaining_tokens"": 50696, ""over_token_limit"": false, ""deadline_at"": 29429.453, ""deadline_exceeded"": false, ""frozen"": false, ""scope_id"": ""candidate_1"", ""root_summary"": {""call_count"": 23, ""completed_call_count"": 23, ""pending_call_count"": 0, ""unknown_call_count"": 0, ""known_subtotal"": 464753, ""total_tokens"": 464753, ""reserved_tokens"": 0, ""committed_tokens"": 464753, ""cm_call_allowance"": 12, ""cm_call_count"": 4, ""remaining_cm_calls"": 8, ""remaining_calls"": 9, ""remaining_tokens"": 135247, ""over_token_limit"": false, ""deadline_at"": 29429.453, ""deadline_exceeded"": false, ""frozen"": false}}",modelbench\minimal_value_20260905\batches\a2-resume-v2\results\a2-10-R2\results\a2-10-R2__candidate_1\result.json,c5868889f3958901b841e574dca8405a2395302fce7ce4318ca0adfbfce11d6a
A2,a2-10-R2,a2-10-R2__candidate_2,sympy__sympy-22456,True,"[""sympy/codegen/ast.py""]","{""status"": ""budget_exhausted"", ""summary"": ""[TOKEN_BUDGET_EXHAUSTED] Reservation exceeds remaining token budget""}","{""call_count"": 12, ""completed_call_count"": 12, ""pending_call_count"": 0, ""unknown_call_count"": 0, ""known_subtotal"": 245449, ""total_tokens"": 245449, ""reserved_tokens"": 0, ""committed_tokens"": 245449, ""cm_call_allowance"": 6, ""cm_call_count"": 2, ""remaining_cm_calls"": 4, ""remaining_calls"": 2, ""remaining_tokens"": 24551, ""over_token_limit"": false, ""deadline_at"": 29429.453, ""deadline_exceeded"": false, ""frozen"": false, ""scope_id"": ""candidate_2"", ""root_summary"": {""call_count"": 23, ""completed_call_count"": 22, ""pending_call_count"": 1, ""unknown_call_count"": 0, ""known_subtotal"": 435220, ""total_tokens"": null, ""reserved_tokens"": 44331, ""committed_tokens"": 479551, ""cm_call_allowance"": 12, ""cm_call_count"": 4, ""remaining_cm_calls"": 8, ""remaining_calls"": 9, ""remaining_tokens"": 120449, ""over_token_limit"": false, ""deadline_at"": 29429.453, ""deadline_exceeded"": false, ""frozen"": false}}",modelbench\minimal_value_20260905\batches\a2-resume-v2\results\a2-10-R2\results\a2-10-R2__candidate_2\result.json,4eeddefd84fdca3579d15760ab9c50afd456b0bd241242dbdf63ed7ea3963d9a
A2,a2-11-R2,a2-11-R2__candidate_1,pytest-dev__pytest-10051,False,"[""src/_pytest/logging.py""]","{""status"": ""completed"", ""summary"": ""Fixed caplog.clear() by adding LogCaptureHandler.clear(), which clears the existing records list in place while replacing the text stream, and routing LogCaptureFixture.clear() through it. Expanded test_clear with a focused counterexample covering records before clear, immediately after clear, and newly emitted records afterward. This distinguishes the fix from the incorrect reset/reassignment approach, which leaves get_records(\""call\"") pointing at the old frozen list. Baseline test failed at the post-clear equality assertion as expected. After repair: python -m pytest testing/logging/test_fixture.py::test_clear -q: 1 passed; public lifecycle check: 4 passed, 11 deselected; full fixture module: 15 passed; testing/logging: 59 passed; git diff --check passed. Scope is limited to caplog record/text clearing semantics and its regression test. Official hidden tests were not run and are not claimed to pass.""}","{""call_count"": 8, ""completed_call_count"": 8, ""pending_call_count"": 0, ""unknown_call_count"": 0, ""known_subtotal"": 147701, ""total_tokens"": 147701, ""reserved_tokens"": 0, ""committed_tokens"": 147701, ""cm_call_allowance"": 6, ""cm_call_count"": 1, ""remaining_cm_calls"": 5, ""remaining_calls"": 5, ""remaining_tokens"": 122299, ""over_token_limit"": false, ""deadline_at"": 31558.359, ""deadline_exceeded"": false, ""frozen"": false, ""scope_id"": ""candidate_1"", ""root_summary"": {""call_count"": 14, ""completed_call_count"": 14, ""pending_call_count"": 0, ""unknown_call_count"": 0, ""known_subtotal"": 255201, ""total_tokens"": 255201, ""reserved_tokens"": 0, ""committed_tokens"": 255201, ""cm_call_allowance"": 12, ""cm_call_count"": 2, ""remaining_cm_calls"": 10, ""remaining_calls"": 16, ""remaining_tokens"": 344799, ""over_token_limit"": false, ""deadline_at"": 31558.359, ""deadline_exceeded"": false, ""frozen"": false}}",modelbench\minimal_value_20260905\batches\a2-resume-v3\results\a2-11-R2\results\a2-11-R2__candidate_1\result.json,15befade6f0520790ab82811d001c2a82dbe672610f512d59103800680182f5e
A2,a2-11-R2,a2-11-R2__candidate_2,pytest-dev__pytest-10051,True,"[""src/_pytest/logging.py""]","{""status"": ""completed"", ""summary"": ""Fixed caplog.clear() without changing phase-boundary reset semantics. Added LogCaptureHandler.clear(), which clears the existing records list in place while replacing the text stream, and changed LogCaptureFixture.clear() to use it. Extended test_clear with the issue counterexample: get_records(\""call\"") is emptied by clear(), then receives a subsequent record and remains equal to caplog.records. This distinguishes the incorrect reset/list-replacement implementation, which leaves the stash pointing at the old frozen list. Baseline-style verification with the fixture still calling reset failed at the new post-clear assertion (1 failed, 3 passed); after wiring the fix, `python -m pytest testing/logging/test_fixture.py -q -k \""clear or log_access or record_tuples or captures_for_all_stages\""` passed (4 passed, 11 deselected). Broader `python -m pytest testing/logging -q` passed (59 passed). `git diff --check` passed. The attempted rg inspection reported rg unavailable, but the regression suite still ran successfully. Hidden grading was not run.""}","{""call_count"": 9, ""completed_call_count"": 9, ""pending_call_count"": 0, ""unknown_call_count"": 0, ""known_subtotal"": 171228, ""total_tokens"": 171228, ""reserved_tokens"": 0, ""committed_tokens"": 171228, ""cm_call_allowance"": 6, ""cm_call_count"": 1, ""remaining_cm_calls"": 5, ""remaining_calls"": 4, ""remaining_tokens"": 98772, ""over_token_limit"": false, ""deadline_at"": 31558.359, ""deadline_exceeded"": false, ""frozen"": false, ""scope_id"": ""candidate_2"", ""root_summary"": {""call_count"": 17, ""completed_call_count"": 17, ""pending_call_count"": 0, ""unknown_call_count"": 0, ""known_subtotal"": 318929, ""total_tokens"": 318929, ""reserved_tokens"": 0, ""committed_tokens"": 318929, ""cm_call_allowance"": 12, ""cm_call_count"": 2, ""remaining_cm_calls"": 10, ""remaining_calls"": 13, ""remaining_tokens"": 281071, ""over_token_limit"": false, ""deadline_at"": 31558.359, ""deadline_exceeded"": false, ""frozen"": false}}",modelbench\minimal_value_20260905\batches\a2-resume-v3\results\a2-11-R2\results\a2-11-R2__candidate_2\result.json,7686427c15b28e988c7c41bf2f4a42dfd84328e5a801ab16870b60cb5b83770a
A2,a2-12-R2,a2-12-R2__candidate_1,mwaskom__seaborn-3187,False,[],"{""status"": ""budget_exhausted"", ""summary"": ""[TOKEN_BUDGET_EXHAUSTED] Reservation exceeds remaining token budget""}","{""call_count"": 13, ""completed_call_count"": 13, ""pending_call_count"": 0, ""unknown_call_count"": 0, ""known_subtotal"": 237873, ""total_tokens"": 237873, ""reserved_tokens"": 0, ""committed_tokens"": 237873, ""cm_call_allowance"": 6, ""cm_call_count"": 6, ""remaining_cm_calls"": 0, ""remaining_calls"": 5, ""remaining_tokens"": 32127, ""over_token_limit"": false, ""deadline_at"": 31693.046, ""deadline_exceeded"": false, ""frozen"": false, ""scope_id"": ""candidate_1"", ""root_summary"": {""call_count"": 26, ""completed_call_count"": 26, ""pending_call_count"": 0, ""unknown_call_count"": 0, ""known_subtotal"": 462675, ""total_tokens"": 462675, ""reserved_tokens"": 0, ""committed_tokens"": 462675, ""cm_call_allowance"": 12, ""cm_call_count"": 11, ""remaining_cm_calls"": 1, ""remaining_calls"": 13, ""remaining_tokens"": 137325, ""over_token_limit"": false, ""deadline_at"": 31693.046, ""deadline_exceeded"": false, ""frozen"": false}}",modelbench\minimal_value_20260905\batches\a2-resume-v3\results\a2-12-R2\results\a2-12-R2__candidate_1\result.json,292afae260813c4716e8dba9f01693da85b5476823d1e6854ad39b6bfd5a63da
A2,a2-12-R2,a2-12-R2__candidate_2,mwaskom__seaborn-3187,False,[],"{""status"": ""budget_exhausted"", ""summary"": ""[TOKEN_BUDGET_EXHAUSTED] Reservation exceeds remaining token budget""}","{""call_count"": 13, ""completed_call_count"": 13, ""pending_call_count"": 0, ""unknown_call_count"": 0, ""known_subtotal"": 224802, ""total_tokens"": 224802, ""reserved_tokens"": 0, ""committed_tokens"": 224802, ""cm_call_allowance"": 6, ""cm_call_count"": 5, ""remaining_cm_calls"": 1, ""remaining_calls"": 4, ""remaining_tokens"": 45198, ""over_token_limit"": false, ""deadline_at"": 31693.046, ""deadline_exceeded"": false, ""frozen"": false, ""scope_id"": ""candidate_2"", ""root_summary"": {""call_count"": 26, ""completed_call_count"": 26, ""pending_call_count"": 0, ""unknown_call_count"": 0, ""known_subtotal"": 462675, ""total_tokens"": 462675, ""reserved_tokens"": 0, ""committed_tokens"": 462675, ""cm_call_allowance"": 12, ""cm_call_count"": 11, ""remaining_cm_calls"": 1, ""remaining_calls"": 13, ""remaining_tokens"": 137325, ""over_token_limit"": false, ""deadline_at"": 31693.046, ""deadline_exceeded"": false, ""frozen"": false}}",modelbench\minimal_value_20260905\batches\a2-resume-v3\results\a2-12-R2\results\a2-12-R2__candidate_2\result.json,3c6393b4b6431b529143905f895653e45af907bd3c2040c687037b3b56d7ed5b
A2,a2-13-R2,a2-13-R2__candidate_1,astropy__astropy-8872,True,"[""astropy/units/quantity.py""]","{""status"": ""budget_exhausted"", ""summary"": ""[TOKEN_BUDGET_EXHAUSTED] Reservation exceeds remaining token budget""}","{""call_count"": 13, ""completed_call_count"": 13, ""pending_call_count"": 0, ""unknown_call_count"": 0, ""known_subtotal"": 233312, ""total_tokens"": 233312, ""reserved_tokens"": 0, ""committed_tokens"": 233312, ""cm_call_allowance"": 6, ""cm_call_count"": 4, ""remaining_cm_calls"": 2, ""remaining_calls"": 3, ""remaining_tokens"": 36688, ""over_token_limit"": false, ""deadline_at"": 32940.406, ""deadline_exceeded"": false, ""frozen"": false, ""scope_id"": ""candidate_1"", ""root_summary"": {""call_count"": 25, ""completed_call_count"": 25, ""pending_call_count"": 0, ""unknown_call_count"": 0, ""known_subtotal"": 473290, ""total_tokens"": 473290, ""reserved_tokens"": 0, ""committed_tokens"": 473290, ""cm_call_allowance"": 12, ""cm_call_count"": 6, ""remaining_cm_calls"": 6, ""remaining_calls"": 9, ""remaining_tokens"": 126710, ""over_token_limit"": false, ""deadline_at"": 32940.406, ""deadline_exceeded"": false, ""frozen"": false}}",modelbench\minimal_value_20260905\batches\a2-resume-v3\results\a2-13-R2\results\a2-13-R2__candidate_1\result.json,a22487ec06e33e39575c9a008c1adaf9b3727b0f1a73f17d78d2bb7467e9ed6c
A2,a2-13-R2,a2-13-R2__candidate_2,astropy__astropy-8872,False,"[""astropy/units/quantity.py""]","{""status"": ""completed"", ""summary"": ""Updated Quantity construction to preserve np.float16 by changing both dtype eligibility checks from np.float32 to np.float16, covering raw values and existing Quantity inputs. Extended test_preserve_dtype with scalar construction, unit multiplication, and Quantity re-wrapping counterexamples; the re-wrapping assertion distinguishes an incomplete fix that changes only the non-Quantity path. Baseline reproduced float16→float64 while float32 remained preserved. Verification: `python -m pytest astropy/units/tests/test_quantity.py -q -k preserve_dtype` → 1 passed, 88 deselected; custom dtype regression matrix passed for float16 scalar/array/multiplication/re-wrapping while retaining integer, bool, Decimal, float32, and complex64 behavior; `git diff --check` passed. Broader `python -m pytest astropy/units/tests -q` → 1864 passed, 3 skipped, 6 xfailed, 3 failed; failures are unrelated environment-compatibility issues involving removed `np.int` and matplotlib masked Quantity handling. No hidden-test result is claimed.""}","{""call_count"": 12, ""completed_call_count"": 12, ""pending_call_count"": 0, ""unknown_call_count"": 0, ""known_subtotal"": 239978, ""total_tokens"": 239978, ""reserved_tokens"": 0, ""committed_tokens"": 239978, ""cm_call_allowance"": 6, ""cm_call_count"": 2, ""remaining_cm_calls"": 4, ""remaining_calls"": 2, ""remaining_tokens"": 30022, ""over_token_limit"": false, ""deadline_at"": 32940.406, ""deadline_exceeded"": false, ""frozen"": false, ""scope_id"": ""candidate_2"", ""root_summary"": {""call_count"": 24, ""completed_call_count"": 23, ""pending_call_count"": 1, ""unknown_call_count"": 0, ""known_subtotal"": 430038, ""total_tokens"": null, ""reserved_tokens"": 37953, ""committed_tokens"": 467991, ""cm_call_allowance"": 12, ""cm_call_count"": 6, ""remaining_cm_calls"": 6, ""remaining_calls"": 10, ""remaining_tokens"": 132009, ""over_token_limit"": false, ""deadline_at"": 32940.406, ""deadline_exceeded"": false, ""frozen"": false}}",modelbench\minimal_value_20260905\batches\a2-resume-v3\results\a2-13-R2\results\a2-13-R2__candidate_2\result.json,74e73a48239cb3c458b1bb6b6f3a61d4453fdd9eb38fc2d0e561c90a0e13f839
A2,a2-14-R2,a2-14-R2__candidate_1,sphinx-doc__sphinx-8548,False,[],"{""status"": ""budget_exhausted"", ""summary"": ""[TOKEN_BUDGET_EXHAUSTED] Reservation exceeds remaining token budget""}","{""call_count"": 14, ""completed_call_count"": 14, ""pending_call_count"": 0, ""unknown_call_count"": 0, ""known_subtotal"": 224105, ""total_tokens"": 224105, ""reserved_tokens"": 0, ""committed_tokens"": 224105, ""cm_call_allowance"": 6, ""cm_call_count"": 6, ""remaining_cm_calls"": 0, ""remaining_calls"": 4, ""remaining_tokens"": 45895, ""over_token_limit"": false, ""deadline_at"": 33374.796, ""deadline_exceeded"": false, ""frozen"": false, ""scope_id"": ""candidate_1"", ""root_summary"": {""call_count"": 27, ""completed_call_count"": 27, ""pending_call_count"": 0, ""unknown_call_count"": 0, ""known_subtotal"": 451014, ""total_tokens"": 451014, ""reserved_tokens"": 0, ""committed_tokens"": 451014, ""cm_call_allowance"": 12, ""cm_call_count"": 10, ""remaining_cm_calls"": 2, ""remaining_calls"": 11, ""remaining_tokens"": 148986, ""over_token_limit"": false, ""deadline_at"": 33374.796, ""deadline_exceeded"": false, ""frozen"": false}}",modelbench\minimal_value_20260905\batches\a2-resume-v3\results\a2-14-R2\results\a2-14-R2__candidate_1\result.json,8aa57ea8bde731280a8a2355e09910aee3f6d38e05a550be7d05259ec85c5b18
A2,a2-14-R2,a2-14-R2__candidate_2,sphinx-doc__sphinx-8548,False,[],"{""status"": ""budget_exhausted"", ""summary"": ""[TOKEN_BUDGET_EXHAUSTED] Reservation exceeds remaining token budget""}","{""call_count"": 13, ""completed_call_count"": 13, ""pending_call_count"": 0, ""unknown_call_count"": 0, ""known_subtotal"": 226909, ""total_tokens"": 226909, ""reserved_tokens"": 0, ""committed_tokens"": 226909, ""cm_call_allowance"": 6, ""cm_call_count"": 4, ""remaining_cm_calls"": 2, ""remaining_calls"": 3, ""remaining_tokens"": 43091, ""over_token_limit"": false, ""deadline_at"": 33374.796, ""deadline_exceeded"": false, ""frozen"": false, ""scope_id"": ""candidate_2"", ""root_summary"": {""call_count"": 27, ""completed_call_count"": 27, ""pending_call_count"": 0, ""unknown_call_count"": 0, ""known_subtotal"": 451014, ""total_tokens"": 451014, ""reserved_tokens"": 0, ""committed_tokens"": 451014, ""cm_call_allowance"": 12, ""cm_call_count"": 10, ""remaining_cm_calls"": 2, ""remaining_calls"": 11, ""remaining_tokens"": 148986, ""over_token_limit"": false, ""deadline_at"": 33374.796, ""deadline_exceeded"": false, ""frozen"": false}}",modelbench\minimal_value_20260905\batches\a2-resume-v3\results\a2-14-R2\results\a2-14-R2__candidate_2\result.json,ce8853134055d5bb33b3bb144d8da40586eb4d2e52622f8d909f95ff83e0cf0e
A2,a2-15-R2,a2-15-R2__candidate_1,pydata__xarray-6992,False,"[""xarray/core/dataset.py""]","{""status"": ""budget_exhausted"", ""summary"": ""[TOKEN_BUDGET_EXHAUSTED] Reservation exceeds remaining token budget""}","{""call_count"": 13, ""completed_call_count"": 13, ""pending_call_count"": 0, ""unknown_call_count"": 0, ""known_subtotal"": 228297, ""total_tokens"": 228297, ""reserved_tokens"": 0, ""committed_tokens"": 228297, ""cm_call_allowance"": 6, ""cm_call_count"": 4, ""remaining_cm_calls"": 2, ""remaining_calls"": 3, ""remaining_tokens"": 41703, ""over_token_limit"": false, ""deadline_at"": 33565.093, ""deadline_exceeded"": false, ""frozen"": false, ""scope_id"": ""candidate_1"", ""root_summary"": {""call_count"": 21, ""completed_call_count"": 21, ""pending_call_count"": 0, ""unknown_call_count"": 0, ""known_subtotal"": 376868, ""total_tokens"": 376868, ""reserved_tokens"": 0, ""committed_tokens"": 376868, ""cm_call_allowance"": 12, ""cm_call_count"": 5, ""remaining_cm_calls"": 7, ""remaining_calls"": 12, ""remaining_tokens"": 223132, ""over_token_limit"": false, ""deadline_at"": 33565.093, ""deadline_exceeded"": false, ""frozen"": false}}",modelbench\minimal_value_20260905\batches\a2-resume-v3\results\a2-15-R2\results\a2-15-R2__candidate_1\result.json,ee929044dbc1636cafd9d09d278e9c5257102094b1c5d73730829d70b6d8bb6d
A2,a2-15-R2,a2-15-R2__candidate_2,pydata__xarray-6992,True,"[""xarray/core/dataset.py""]","{""status"": ""completed"", ""summary"": ""Fixed DataVariables.__len__ to count only coordinate names that are also present in Dataset._variables, making its length consistent with iteration when _coord_names contains stale/missing variable names. Added a focused regression test for set_index(...).reset_index(..., drop=True), covering both the zero-data-variable repr case and a subsequently added genuine data variable; the latter distinguishes the fix from an incorrect max(0, old_length) clamp. Baseline reproduction raised ValueError: __len__() should return >= 0. Verification: focused regression test passed (1 passed); public index/data-vars selection passed (5 passed, 369 deselected); full xarray/tests/test_dataset.py passed (371 passed, 1 skipped, 1 xfailed, 1 xpassed); git diff --check passed. Scope is limited to DataVariables length semantics plus the regression test; official hidden tests were not run.""}","{""call_count"": 8, ""completed_call_count"": 8, ""pending_call_count"": 0, ""unknown_call_count"": 0, ""known_subtotal"": 148571, ""total_tokens"": 148571, ""reserved_tokens"": 0, ""committed_tokens"": 148571, ""cm_call_allowance"": 6, ""cm_call_count"": 1, ""remaining_cm_calls"": 5, ""remaining_calls"": 5, ""remaining_tokens"": 121429, ""over_token_limit"": false, ""deadline_at"": 33565.093, ""deadline_exceeded"": false, ""frozen"": false, ""scope_id"": ""candidate_2"", ""root_summary"": {""call_count"": 19, ""completed_call_count"": 18, ""pending_call_count"": 1, ""unknown_call_count"": 0, ""known_subtotal"": 317696, ""total_tokens"": null, ""reserved_tokens"": 21929, ""committed_tokens"": 339625, ""cm_call_allowance"": 12, ""cm_call_count"": 5, ""remaining_cm_calls"": 7, ""remaining_calls"": 14, ""remaining_tokens"": 260375, ""over_token_limit"": false, ""deadline_at"": 33565.093, ""deadline_exceeded"": false, ""frozen"": false}}",modelbench\minimal_value_20260905\batches\a2-resume-v3\results\a2-15-R2\results\a2-15-R2__candidate_2\result.json,2f962fc1cf0e0d3c21902f9236c185e857fa8c8785fa8ac621ec9b989865a964
A2,a2-16-R2,a2-16-R2__candidate_1,pytest-dev__pytest-7982,True,"[""src/_pytest/pathlib.py""]","{""status"": ""completed"", ""summary"": ""Removed `follow_symlinks=False` from `_pytest.pathlib.visit`, restoring recursive collection through symlinked directories, and added `test_collect_symlink_directory` as a focused regression test. The counterexample places a real test file behind a directory symlink discovered beneath the supplied test root; this distinguishes the bug from an incomplete fix that handles only direct symlink arguments or symlinked files. Baseline command `python -m pytest testing/test_collection.py -q -k 'test_collect_symlink_directory'` failed because 0 items were collected. After the fix, public check `python -m pytest testing/test_collection.py -q -k symlink` passed: 5 passed, 75 deselected. Broader check `python -m pytest testing/test_collection.py testing/test_pathlib.py -q` passed: 141 passed, 1 xfailed. `git diff --check` was clean. Scope was limited to the one traversal condition plus its regression test; the full suite and official hidden grading were not run.""}","{""call_count"": 7, ""completed_call_count"": 7, ""pending_call_count"": 0, ""unknown_call_count"": 0, ""known_subtotal"": 138138, ""total_tokens"": 138138, ""reserved_tokens"": 0, ""committed_tokens"": 138138, ""cm_call_allowance"": 6, ""cm_call_count"": 0, ""remaining_cm_calls"": 6, ""remaining_calls"": 5, ""remaining_tokens"": 131862, ""over_token_limit"": false, ""deadline_at"": 35240.484, ""deadline_exceeded"": false, ""frozen"": false, ""scope_id"": ""candidate_1"", ""root_summary"": {""call_count"": 15, ""completed_call_count"": 15, ""pending_call_count"": 0, ""unknown_call_count"": 0, ""known_subtotal"": 284862, ""total_tokens"": 284862, ""reserved_tokens"": 0, ""committed_tokens"": 284862, ""cm_call_allowance"": 12, ""cm_call_count"": 1, ""remaining_cm_calls"": 11, ""remaining_calls"": 14, ""remaining_tokens"": 315138, ""over_token_limit"": false, ""deadline_at"": 35240.484, ""deadline_exceeded"": false, ""frozen"": false}}",modelbench\minimal_value_20260905\batches\a2-resume-v3\results\a2-16-R2\results\a2-16-R2__candidate_1\result.json,7bb26310f16eea4d1c0d2525e36d584827da637e984dc529c6a41c9810b4bb03
A2,a2-16-R2,a2-16-R2__candidate_2,pytest-dev__pytest-7982,False,"[""src/_pytest/pathlib.py""]","{""status"": ""completed"", ""summary"": ""Implemented the minimal fix in src/_pytest/pathlib.py by changing entry.is_dir(follow_symlinks=False) to entry.is_dir(), restoring traversal of symlinked directories. Added test_collect_symlink_dir in testing/test_collection.py: a tests/symlink directory link points to target/test_file.py, and collection must run tests/symlink/test_file.py::test_file successfully. This counterexample distinguishes the regression—and any implementation that only supports symlinked file arguments—from correct recursive directory-link traversal. Verification: `python -m pytest testing/test_collection.py -q -k symlink` → 5 passed, 75 deselected; `python -m pytest testing/test_collection.py -q` → 79 passed, 1 xfailed; `git diff --check` → status 0. Only the two intended files are modified. Scope was the collection module and focused symlink coverage; the entire repository suite was not run, and no official hidden-test result is claimed.""}","{""call_count"": 8, ""completed_call_count"": 8, ""pending_call_count"": 0, ""unknown_call_count"": 0, ""known_subtotal"": 146724, ""total_tokens"": 146724, ""reserved_tokens"": 0, ""committed_tokens"": 146724, ""cm_call_allowance"": 6, ""cm_call_count"": 1, ""remaining_cm_calls"": 5, ""remaining_calls"": 5, ""remaining_tokens"": 123276, ""over_token_limit"": false, ""deadline_at"": 35240.484, ""deadline_exceeded"": false, ""frozen"": false, ""scope_id"": ""candidate_2"", ""root_summary"": {""call_count"": 15, ""completed_call_count"": 15, ""pending_call_count"": 0, ""unknown_call_count"": 0, ""known_subtotal"": 284862, ""total_tokens"": 284862, ""reserved_tokens"": 0, ""committed_tokens"": 284862, ""cm_call_allowance"": 12, ""cm_call_count"": 1, ""remaining_cm_calls"": 11, ""remaining_calls"": 14, ""remaining_tokens"": 315138, ""over_token_limit"": false, ""deadline_at"": 35240.484, ""deadline_exceeded"": false, ""frozen"": false}}",modelbench\minimal_value_20260905\batches\a2-resume-v3\results\a2-16-R2\results\a2-16-R2__candidate_2\result.json,526a4b10f721c211e431b50490672ad11a4bf8906571e5baa1b683a1d1bfd827
A2,a2-05-R2,a2-05-R2__candidate_1,scikit-learn__scikit-learn-14496,True,"[""sklearn/cluster/optics_.py""]","{""status"": ""completed"", ""summary"": ""Completed the OPTICS float min_samples fix. Both fractional conversion sites now use int(round(max(2, min_samples * n_samples))), ensuring NearestNeighbors receives an integer and cluster_optics_xi uses matching semantics. Added a regression test for 30 samples (integral-valued float conversion) and 36 samples (distinguishes rounding from an incorrect truncating cast) by comparing fractional and equivalent integer OPTICS results. Before repair, the public boundary tests passed but the issue reproduction failed for 30/31 samples with TypeError; after repair, targeted tests passed (13 passed, 29 deselected) and the full sklearn/cluster/tests/test_optics.py module passed (42 passed, 1 warning). git diff --check passed. Scope is limited to optics_.py and its focused regression test; official hidden grading was not run.""}","{""call_count"": 13, ""completed_call_count"": 13, ""pending_call_count"": 0, ""unknown_call_count"": 0, ""known_subtotal"": 237119, ""total_tokens"": 237119, ""reserved_tokens"": 0, ""committed_tokens"": 237119, ""cm_call_allowance"": 6, ""cm_call_count"": 3, ""remaining_cm_calls"": 3, ""remaining_calls"": 2, ""remaining_tokens"": 32881, ""over_token_limit"": false, ""deadline_at"": 2452.656, ""deadline_exceeded"": false, ""frozen"": false, ""scope_id"": ""candidate_1"", ""root_summary"": {""call_count"": 23, ""completed_call_count"": 23, ""pending_call_count"": 0, ""unknown_call_count"": 0, ""known_subtotal"": 440660, ""total_tokens"": 440660, ""reserved_tokens"": 0, ""committed_tokens"": 440660, ""cm_call_allowance"": 12, ""cm_call_count"": 4, ""remaining_cm_calls"": 8, ""remaining_calls"": 9, ""remaining_tokens"": 159340, ""over_token_limit"": false, ""deadline_at"": 2452.656, ""deadline_exceeded"": false, ""frozen"": false}}",modelbench\minimal_value_20260905\batches\a2-backfill-v1\results\a2-05-R2\results\a2-05-R2__candidate_1\result.json,4516b6172e324cd00c95540b4100668fdecbcb4039846f34b76c7e6312aa21e2
A2,a2-05-R2,a2-05-R2__candidate_2,scikit-learn__scikit-learn-14496,False,"[""sklearn/cluster/optics_.py""]","{""status"": ""completed"", ""summary"": ""Fixed fractional `min_samples` handling in `sklearn/cluster/optics_.py`. Both `compute_optics_graph` and `cluster_optics_xi` now round the sample fraction and explicitly convert it to `int`, preventing float values from reaching `NearestNeighbors` or propagating as the default `min_cluster_size`. Added `test_min_samples_as_fraction`, using 25 samples and `min_samples=0.11` (2.75), and comparing against integer `min_samples=3`; this distinguishes correct rounding from truncation as well as the original missing conversion. Baseline evidence: `min_samples=0.11` raised `TypeError` before the repair, while existing boundary tests passed. An intermediate run after fixing only `compute_optics_graph` exposed the matching `cluster_optics_xi` path via `ValueError` for `min_cluster_size=2.75`, motivating the second production change. Validation: `git diff --check` passed; `python -m pytest sklearn/cluster/tests/test_optics.py -q -k \""minimum_number_of_sample_check or min_samples_edge_case or min_samples_as_fraction\""` reported 3 passed, 38 deselected; `python -m pytest sklearn/cluster/tests/test_optics.py -q` reported 41 passed. Both pytest runs emitted one existing warning. Scope was limited to the two fractional conversions and one focused regression test. Official hidden grading was not run locally.""}","{""call_count"": 10, ""completed_call_count"": 10, ""pending_call_count"": 0, ""unknown_call_count"": 0, ""known_subtotal"": 203541, ""total_tokens"": 203541, ""reserved_tokens"": 0, ""committed_tokens"": 203541, ""cm_call_allowance"": 6, ""cm_call_count"": 1, ""remaining_cm_calls"": 5, ""remaining_calls"": 3, ""remaining_tokens"": 66459, ""over_token_limit"": false, ""deadline_at"": 2452.656, ""deadline_exceeded"": false, ""frozen"": false, ""scope_id"": ""candidate_2"", ""root_summary"": {""call_count"": 23, ""completed_call_count"": 23, ""pending_call_count"": 0, ""unknown_call_count"": 0, ""known_subtotal"": 440660, ""total_tokens"": 440660, ""reserved_tokens"": 0, ""committed_tokens"": 440660, ""cm_call_allowance"": 12, ""cm_call_count"": 4, ""remaining_cm_calls"": 8, ""remaining_calls"": 9, ""remaining_tokens"": 159340, ""over_token_limit"": false, ""deadline_at"": 2452.656, ""deadline_exceeded"": false, ""frozen"": false}}",modelbench\minimal_value_20260905\batches\a2-backfill-v1\results\a2-05-R2\results\a2-05-R2__candidate_2\result.json,6eb982d0939631134c9afd1c2b342b2548617db3897542f75764893981ae4f9e
