episode,family,batch,run_id,task,arm,official_resolved,production_files,test_files,patch_bytes,outcome,workers,cm_call_count,source_result,source_events,source_patch
swe_fixed_team_20260903/pilot_v10/sphinx-doc__sphinx-8035__hetero_gpt-5.6-terra__glm-5.3,swe_fixed_team_20260903,pilot_v10,sphinx-doc__sphinx-8035__hetero_gpt-5.6-terra__glm-5.3,sphinx-doc__sphinx-8035,hetero_gpt-5.6-terra__glm-5.3,True,"[""sphinx/ext/autodoc/__init__.py""]","[""tests/test_ext_autodoc_private_members.py""]",4088,"{""status"": ""completed"", ""summary"": ""Implemented selective autodoc :private-members: support. ModuleDocumenter and ClassDocumenter now parse bare options as ALL and comma-separated arguments as a whitelist; both private-member filtering paths honor that whitelist while preserving existing bare-option behavior. Added focused regression coverage for selecting and excluding metadata-private module members, and documented comma-separated usage. Verification: targeted private-members tests passed (3 passed), git diff --check passed, and the broader autodoc run passed 64 tests with one unrelated environment-dependent failure caused by a pre-existing duplicate docutils 'meta' node registration warning.""}",2,6,modelbench\swe_fixed_team_20260903\pilot_v10\results\sphinx-doc__sphinx-8035__hetero_gpt-5.6-terra__glm-5.3\result.json,modelbench\swe_fixed_team_20260903\pilot_v10\results\sphinx-doc__sphinx-8035__hetero_gpt-5.6-terra__glm-5.3\events.jsonl,modelbench\swe_fixed_team_20260903\pilot_v10\results\sphinx-doc__sphinx-8035__hetero_gpt-5.6-terra__glm-5.3\model.patch
swe_fixed_team_20260903/pilot_v10/sphinx-doc__sphinx-8035__hetero_gpt-5.6-terra__glm-5.3.rep2,swe_fixed_team_20260903,pilot_v10,sphinx-doc__sphinx-8035__hetero_gpt-5.6-terra__glm-5.3.rep2,sphinx-doc__sphinx-8035,hetero_gpt-5.6-terra__glm-5.3,True,"[""sphinx/ext/autodoc/__init__.py""]","[""tests/roots/test-ext-autodoc/target/private_members.py"", ""tests/test_ext_autodoc_private_members.py""]",8585,"{""status"": ""budget_exhausted"", ""summary"": ""[TOKEN_BUDGET_EXHAUSTED] Reservation exceeds remaining token budget""}",2,10,modelbench\swe_fixed_team_20260903\pilot_v10\results\sphinx-doc__sphinx-8035__hetero_gpt-5.6-terra__glm-5.3.rep2\result.json,modelbench\swe_fixed_team_20260903\pilot_v10\results\sphinx-doc__sphinx-8035__hetero_gpt-5.6-terra__glm-5.3.rep2\events.jsonl,modelbench\swe_fixed_team_20260903\pilot_v10\results\sphinx-doc__sphinx-8035__hetero_gpt-5.6-terra__glm-5.3.rep2\model.patch
swe_fixed_team_20260903/pilot_v10/sphinx-doc__sphinx-8035__hetero_gpt-5.6-terra__glm-5.3.rep3,swe_fixed_team_20260903,pilot_v10,sphinx-doc__sphinx-8035__hetero_gpt-5.6-terra__glm-5.3.rep3,sphinx-doc__sphinx-8035,hetero_gpt-5.6-terra__glm-5.3,True,"[""sphinx/ext/autodoc/__init__.py""]",[],4294,"{""status"": ""completed"", ""summary"": ""Implemented support for comma-separated member names in autodoc's :private-members: option for module and class documenters while preserving bare-option behavior. Explicit private names are merged into :members: and filtering includes only the requested private members. Validation: git diff --check and compilation passed; 66 focused/existing autodoc tests passed, including temporary coverage for named module functions, class methods, attributes, multiple names, and use without :members:. One broader existing test failed only because the test environment re-registered the docutils 'meta' node and emitted an unexpected warning, unrelated to this change. Final patch modifies only sphinx/ext/autodoc/__init__.py.""}",2,12,modelbench\swe_fixed_team_20260903\pilot_v10\results\sphinx-doc__sphinx-8035__hetero_gpt-5.6-terra__glm-5.3.rep3\result.json,modelbench\swe_fixed_team_20260903\pilot_v10\results\sphinx-doc__sphinx-8035__hetero_gpt-5.6-terra__glm-5.3.rep3\events.jsonl,modelbench\swe_fixed_team_20260903\pilot_v10\results\sphinx-doc__sphinx-8035__hetero_gpt-5.6-terra__glm-5.3.rep3\model.patch
swe_fixed_team_20260903/pilot_v10/sphinx-doc__sphinx-8035__heterooff_gpt-5.6-terra__glm-5.3,swe_fixed_team_20260903,pilot_v10,sphinx-doc__sphinx-8035__heterooff_gpt-5.6-terra__glm-5.3,sphinx-doc__sphinx-8035,heterooff_gpt-5.6-terra__glm-5.3,True,"[""sphinx/ext/autodoc/__init__.py""]","[""tests/roots/test-ext-autodoc/target/private_list.py"", ""tests/test_ext_autodoc_private_members.py""]",7084,"{""status"": ""completed"", ""summary"": ""Implemented selective autodoc :private-members: support while preserving flag-form behavior for all private members. Updated module/class option parsing and both regular-member and attribute-doc filtering paths. Adopted focused regression tests and fixture covering flag, single, multiple, class-level, and unmatched selections. Focused suite: 7 passed. Broader autodoc/apidoc run: 92 passed, with one unrelated node-registration warning causing test_autodoc's empty-warning assertion to fail. git diff --check passed.""}",2,7,modelbench\swe_fixed_team_20260903\pilot_v10\results\sphinx-doc__sphinx-8035__heterooff_gpt-5.6-terra__glm-5.3\result.json,modelbench\swe_fixed_team_20260903\pilot_v10\results\sphinx-doc__sphinx-8035__heterooff_gpt-5.6-terra__glm-5.3\events.jsonl,modelbench\swe_fixed_team_20260903\pilot_v10\results\sphinx-doc__sphinx-8035__heterooff_gpt-5.6-terra__glm-5.3\model.patch
swe_fixed_team_20260903/pilot_v10/sphinx-doc__sphinx-8035__heterooff_gpt-5.6-terra__glm-5.3.rep2,swe_fixed_team_20260903,pilot_v10,sphinx-doc__sphinx-8035__heterooff_gpt-5.6-terra__glm-5.3.rep2,sphinx-doc__sphinx-8035,heterooff_gpt-5.6-terra__glm-5.3,True,"[""sphinx/ext/autodoc/__init__.py""]","[""tests/roots/test-ext-autodoc/target/private_members.py"", ""tests/test_ext_autodoc.py""]",5975,"{""status"": ""completed"", ""summary"": ""Implemented selective autodoc :private-members: support for module and class documenters. The option now accepts comma-separated member names while retaining no-argument behavior for documenting all private members. Filtering covers private methods, functions, and source-documented attributes. Added regression fixtures and tests for selective and backward-compatible behavior. Verification passed: 6 focused autodoc tests, 2 existing private-member tests, and 39 config/apidoc tests; compileall and git diff checks also passed. A combined 106-test run had 105 passes and one unrelated test-environment failure caused by docutils' 'meta' node already being registered.""}",2,4,modelbench\swe_fixed_team_20260903\pilot_v10\results\sphinx-doc__sphinx-8035__heterooff_gpt-5.6-terra__glm-5.3.rep2\result.json,modelbench\swe_fixed_team_20260903\pilot_v10\results\sphinx-doc__sphinx-8035__heterooff_gpt-5.6-terra__glm-5.3.rep2\events.jsonl,modelbench\swe_fixed_team_20260903\pilot_v10\results\sphinx-doc__sphinx-8035__heterooff_gpt-5.6-terra__glm-5.3.rep2\model.patch
swe_fixed_team_20260903/pilot_v10/sphinx-doc__sphinx-8035__heterooff_gpt-5.6-terra__glm-5.3.rep3,swe_fixed_team_20260903,pilot_v10,sphinx-doc__sphinx-8035__heterooff_gpt-5.6-terra__glm-5.3.rep3,sphinx-doc__sphinx-8035,heterooff_gpt-5.6-terra__glm-5.3,True,"[""sphinx/ext/autodoc/__init__.py""]","[""tests/roots/test-ext-autodoc/target/private_members.py"", ""tests/test_ext_autodoc_private_members.py""]",8997,"{""status"": ""completed"", ""summary"": ""Implemented selective autodoc :private-members: support. ModuleDocumenter and ClassDocumenter now parse optional comma-separated member names while preserving bare/True behavior as ALL; filtering includes only named private members and retains undoc-members semantics. Added focused module/class regression coverage and a fixture. Verification: git diff --check passed; the combined targeted run passed 90 tests, including all 5 private-members tests, with 1 unrelated existing autodoc failure caused by an environment warning about duplicate registration of the 'meta' node.""}",2,9,modelbench\swe_fixed_team_20260903\pilot_v10\results\sphinx-doc__sphinx-8035__heterooff_gpt-5.6-terra__glm-5.3.rep3\result.json,modelbench\swe_fixed_team_20260903\pilot_v10\results\sphinx-doc__sphinx-8035__heterooff_gpt-5.6-terra__glm-5.3.rep3\events.jsonl,modelbench\swe_fixed_team_20260903\pilot_v10\results\sphinx-doc__sphinx-8035__heterooff_gpt-5.6-terra__glm-5.3.rep3\model.patch
swe_fixed_team_20260903/pilot_v10/sphinx-doc__sphinx-8035__solo_gpt-5.6-sol,swe_fixed_team_20260903,pilot_v10,sphinx-doc__sphinx-8035__solo_gpt-5.6-sol,sphinx-doc__sphinx-8035,solo_gpt-5.6-sol,False,[],[],0,"{""status"": ""budget_exhausted"", ""summary"": ""[TOKEN_BUDGET_EXHAUSTED] Reservation exceeds remaining token budget""}",0,12,modelbench\swe_fixed_team_20260903\pilot_v10\results\sphinx-doc__sphinx-8035__solo_gpt-5.6-sol\result.json,modelbench\swe_fixed_team_20260903\pilot_v10\results\sphinx-doc__sphinx-8035__solo_gpt-5.6-sol\events.jsonl,modelbench\swe_fixed_team_20260903\pilot_v10\results\sphinx-doc__sphinx-8035__solo_gpt-5.6-sol\model.patch
swe_fixed_team_20260903/pilot_v10/sphinx-doc__sphinx-8035__solo_gpt-5.6-sol.rep2,swe_fixed_team_20260903,pilot_v10,sphinx-doc__sphinx-8035__solo_gpt-5.6-sol.rep2,sphinx-doc__sphinx-8035,solo_gpt-5.6-sol,False,[],[],0,"{""status"": ""budget_exhausted"", ""summary"": ""[TOKEN_BUDGET_EXHAUSTED] Reservation exceeds remaining token budget""}",0,12,modelbench\swe_fixed_team_20260903\pilot_v10\results\sphinx-doc__sphinx-8035__solo_gpt-5.6-sol.rep2\result.json,modelbench\swe_fixed_team_20260903\pilot_v10\results\sphinx-doc__sphinx-8035__solo_gpt-5.6-sol.rep2\events.jsonl,modelbench\swe_fixed_team_20260903\pilot_v10\results\sphinx-doc__sphinx-8035__solo_gpt-5.6-sol.rep2\model.patch
swe_fixed_team_20260903/pilot_v10/sphinx-doc__sphinx-8035__solo_gpt-5.6-sol.rep3,swe_fixed_team_20260903,pilot_v10,sphinx-doc__sphinx-8035__solo_gpt-5.6-sol.rep3,sphinx-doc__sphinx-8035,solo_gpt-5.6-sol,False,[],[],0,"{""status"": ""budget_exhausted"", ""summary"": ""[TOKEN_BUDGET_EXHAUSTED] Reservation exceeds remaining token budget""}",0,12,modelbench\swe_fixed_team_20260903\pilot_v10\results\sphinx-doc__sphinx-8035__solo_gpt-5.6-sol.rep3\result.json,modelbench\swe_fixed_team_20260903\pilot_v10\results\sphinx-doc__sphinx-8035__solo_gpt-5.6-sol.rep3\events.jsonl,modelbench\swe_fixed_team_20260903\pilot_v10\results\sphinx-doc__sphinx-8035__solo_gpt-5.6-sol.rep3\model.patch
swe_fixed_team_20260903/pilot_v13/sphinx-doc__sphinx-8035__heterooff_gpt-5.6-terra__glm-5.3.cm24,swe_fixed_team_20260903,pilot_v13,sphinx-doc__sphinx-8035__heterooff_gpt-5.6-terra__glm-5.3.cm24,sphinx-doc__sphinx-8035,heterooff_gpt-5.6-terra__glm-5.3.cm24,True,"[""sphinx/ext/autodoc/__init__.py""]","[""tests/roots/test-ext-autodoc/target/private_members.py"", ""tests/test_ext_autodoc_private_members.py""]",7414,"{""status"": ""completed"", ""summary"": ""Implemented selective autodoc :private-members: support. The option now accepts comma-separated member names while preserving bare/True behavior as ALL; filtering handles both regular and source-documented attributes, and named private members are merged with explicit :members: selections. Added module/class regression coverage, a dedicated fixture, and documentation with a versionchanged note. Targeted tests passed (5 passed) and git diff validation passed. The broader tests/test_ext_autodoc.py run had 61 passes and one unrelated existing failure caused by a duplicate docutils 'meta' node registration warning.""}",2,7,modelbench\swe_fixed_team_20260903\pilot_v13\results\sphinx-doc__sphinx-8035__heterooff_gpt-5.6-terra__glm-5.3.cm24\result.json,modelbench\swe_fixed_team_20260903\pilot_v13\results\sphinx-doc__sphinx-8035__heterooff_gpt-5.6-terra__glm-5.3.cm24\events.jsonl,modelbench\swe_fixed_team_20260903\pilot_v13\results\sphinx-doc__sphinx-8035__heterooff_gpt-5.6-terra__glm-5.3.cm24\model.patch
swe_fixed_team_20260903/pilot_v13/sphinx-doc__sphinx-8035__solo_gpt-5.6-sol.cm24,swe_fixed_team_20260903,pilot_v13,sphinx-doc__sphinx-8035__solo_gpt-5.6-sol.cm24,sphinx-doc__sphinx-8035,solo_gpt-5.6-sol.cm24,False,[],[],0,"{""status"": ""budget_exhausted"", ""summary"": ""[TOKEN_BUDGET_EXHAUSTED] Reservation exceeds remaining token budget""}",0,16,modelbench\swe_fixed_team_20260903\pilot_v13\results\sphinx-doc__sphinx-8035__solo_gpt-5.6-sol.cm24\result.json,modelbench\swe_fixed_team_20260903\pilot_v13\results\sphinx-doc__sphinx-8035__solo_gpt-5.6-sol.cm24\events.jsonl,modelbench\swe_fixed_team_20260903\pilot_v13\results\sphinx-doc__sphinx-8035__solo_gpt-5.6-sol.cm24\model.patch
swe_fixed_team_20260903/pilot_v13/sphinx-doc__sphinx-8035__solo_gpt-5.6-sol.cm24.rep2,swe_fixed_team_20260903,pilot_v13,sphinx-doc__sphinx-8035__solo_gpt-5.6-sol.cm24.rep2,sphinx-doc__sphinx-8035,solo_gpt-5.6-sol.cm24,False,[],[],0,"{""status"": ""budget_exhausted"", ""summary"": ""[TOKEN_BUDGET_EXHAUSTED] Reservation exceeds remaining token budget""}",0,17,modelbench\swe_fixed_team_20260903\pilot_v13\results\sphinx-doc__sphinx-8035__solo_gpt-5.6-sol.cm24.rep2\result.json,modelbench\swe_fixed_team_20260903\pilot_v13\results\sphinx-doc__sphinx-8035__solo_gpt-5.6-sol.cm24.rep2\events.jsonl,modelbench\swe_fixed_team_20260903\pilot_v13\results\sphinx-doc__sphinx-8035__solo_gpt-5.6-sol.cm24.rep2\model.patch
A2/a2-resume-v2/a2-07-T,A2,a2-resume-v2,a2-07-T,matplotlib__matplotlib-20826,T,True,"[""lib/matplotlib/axis.py""]","[""lib/matplotlib/tests/test_subplots.py""]",4439,"{""status"": ""budget_exhausted"", ""summary"": ""[TOKEN_BUDGET_EXHAUSTED] Reservation exceeds remaining token budget""}",2,7,modelbench\minimal_value_20260905\batches\a2-resume-v2\results\a2-07-T\episode_result.json,modelbench\minimal_value_20260905\batches\a2-resume-v2\results\a2-07-T\events.jsonl,modelbench\minimal_value_20260905\batches\a2-resume-v2\results\a2-07-T\model.patch
A2/a2-resume-v2/a2-07-S,A2,a2-resume-v2,a2-07-S,matplotlib__matplotlib-20826,S,False,[],[],0,"{""status"": ""budget_exhausted"", ""summary"": ""[TOKEN_BUDGET_EXHAUSTED] Reservation exceeds remaining token budget""}",0,12,modelbench\minimal_value_20260905\batches\a2-resume-v2\results\a2-07-S\episode_result.json,modelbench\minimal_value_20260905\batches\a2-resume-v2\results\a2-07-S\events.jsonl,modelbench\minimal_value_20260905\batches\a2-resume-v2\results\a2-07-S\model.patch
A2/a2-resume-v2/a2-07-D,A2,a2-resume-v2,a2-07-D,matplotlib__matplotlib-20826,D,False,[],[],0,"{""status"": ""budget_exhausted"", ""summary"": ""[TOKEN_BUDGET_EXHAUSTED] Reservation exceeds remaining token budget""}",1,12,modelbench\minimal_value_20260905\batches\a2-resume-v2\results\a2-07-D\episode_result.json,modelbench\minimal_value_20260905\batches\a2-resume-v2\results\a2-07-D\events.jsonl,modelbench\minimal_value_20260905\batches\a2-resume-v2\results\a2-07-D\model.patch
A2/a2-resume-v2/a2-09-R2,A2,a2-resume-v2,a2-09-R2,pylint-dev__pylint-6386,R2,True,"[""pylint/config/utils.py"", ""pylint/lint/base_options.py""]","[""tests/test_self.py""]",2257,"{""status"": ""selected"", ""summary"": ""Both candidates pass the public check and share the same implementation, but candidate_1 adds stronger regression coverage by verifying -v with a real target and confirming that neither verbose form displays the erroneous VERBOSE metavar in help.""}",0,7,modelbench\minimal_value_20260905\operations\a2-stats-incident-v1\salvage\results\a2-09-R2\episode_result.json,modelbench\minimal_value_20260905\operations\a2-stats-incident-v1\salvage\results\a2-09-R2\events.jsonl,modelbench\minimal_value_20260905\operations\a2-stats-incident-v1\salvage\results\a2-09-R2\model.patch
A2/a2-backfill-v1/a2-09-D,A2,a2-backfill-v1,a2-09-D,pylint-dev__pylint-6386,D,False,[],[],0,"{""status"": ""budget_exhausted"", ""summary"": ""[TOKEN_BUDGET_EXHAUSTED] Reservation exceeds remaining token budget""}",1,12,modelbench\minimal_value_20260905\batches\a2-backfill-v1\results\a2-09-D\episode_result.json,modelbench\minimal_value_20260905\batches\a2-backfill-v1\results\a2-09-D\events.jsonl,modelbench\minimal_value_20260905\batches\a2-backfill-v1\results\a2-09-D\model.patch
A2/a2-backfill-v1/a2-09-T,A2,a2-backfill-v1,a2-09-T,pylint-dev__pylint-6386,T,True,"[""pylint/config/utils.py"", ""pylint/lint/base_options.py""]","[""tests/test_self.py""]",2311,"{""status"": ""completed"", ""summary"": ""Fixed the short verbose option and adopted both worker deliveries. Production changes set verbose argparse handling to nargs=0 and preprocess both --verbose and -v so either form enables Run.verbose without consuming an argument. Added a focused regression test comparing -v and --verbose on the same file. Baseline evidence: the new test failed with “argument --verbose/-v: expected one argument” while the existing long-option test passed. Integration review exposed a plausible incomplete fix: nargs=0 alone accepted -v but left Run.verbose false; the preprocessing repair distinguishes and fixes that case. Final verification: `python -m pytest tests/test_self.py -q -k verbose` reported 2 passed, 117 deselected; direct `python -m pylint --exit-zero -v tests/regrtest_data/empty.py` exited 0 and emitted verbose config information; `python -m pylint --help` exited 0 and displayed `--verbose, -v` without a VERBOSE metavariable; `git diff --check` passed. Scope was limited to pylint/config/utils.py, pylint/lint/base_options.py, and the targeted test in tests/test_self.py. Official hidden tests were not run, so local success is not an official grading result.""}",2,5,modelbench\minimal_value_20260905\batches\a2-backfill-v1\results\a2-09-T\episode_result.json,modelbench\minimal_value_20260905\batches\a2-backfill-v1\results\a2-09-T\events.jsonl,modelbench\minimal_value_20260905\batches\a2-backfill-v1\results\a2-09-T\model.patch
A2/a2-backfill-v1/a2-09-S,A2,a2-backfill-v1,a2-09-S,pylint-dev__pylint-6386,S,False,[],[],0,"{""status"": ""budget_exhausted"", ""summary"": ""[TOKEN_BUDGET_EXHAUSTED] Reservation exceeds remaining token budget""}",0,12,modelbench\minimal_value_20260905\batches\a2-backfill-v1\results\a2-09-S\episode_result.json,modelbench\minimal_value_20260905\batches\a2-backfill-v1\results\a2-09-S\events.jsonl,modelbench\minimal_value_20260905\batches\a2-backfill-v1\results\a2-09-S\model.patch
B1/b1-coding-continuation-v1/b1-r1-q05-D00,B1,b1-coding-continuation-v1,b1-r1-q05-D00,matplotlib__matplotlib-20826,D00,False,[],[],0,"{""status"": ""budget_exhausted"", ""summary"": ""[TOKEN_BUDGET_EXHAUSTED] Reservation exceeds remaining token budget""}",1,12,modelbench\big_budget_team_20260906\batches\b1-coding-continuation-v1\results\b1-r1-q05-D00\episode_result.json,modelbench\big_budget_team_20260906\batches\b1-coding-continuation-v1\results\b1-r1-q05-D00\events.jsonl,modelbench\big_budget_team_20260906\batches\b1-coding-continuation-v1\results\b1-r1-q05-D00\model.patch
B1/b1-coding-continuation-v1/b1-r1-q05-D11,B1,b1-coding-continuation-v1,b1-r1-q05-D11,matplotlib__matplotlib-20826,D11,True,"[""lib/matplotlib/axis.py""]","[""lib/matplotlib/tests/test_subplots.py""]",5712,"{""status"": ""budget_exhausted"", ""summary"": ""[TOKEN_BUDGET_EXHAUSTED] Reservation exceeds remaining token budget""}",1,51,modelbench\big_budget_team_20260906\batches\b1-coding-continuation-v1\results\b1-r1-q05-D11\episode_result.json,modelbench\big_budget_team_20260906\batches\b1-coding-continuation-v1\results\b1-r1-q05-D11\events.jsonl,modelbench\big_budget_team_20260906\batches\b1-coding-continuation-v1\results\b1-r1-q05-D11\model.patch
B1/b1-coding-continuation-v1/b1-r1-q05-F-S,B1,b1-coding-continuation-v1,b1-r1-q05-F-S,matplotlib__matplotlib-20826,F-S,True,"[""lib/matplotlib/axis.py""]","[""lib/matplotlib/tests/test_subplots.py""]",4886,"{""status"": ""completed"", ""summary"": ""Fixed the 3.4.2 regression where `ax.clear()` re-showed ticks/tick labels hidden on shared axes and added non-default top/right ticks.\n\n**Fix (lib/matplotlib/axis.py, `Axis.clear()`):** Before calling `_reset_major_tick_kw()`/`_reset_minor_tick_kw()` (which reset the tick kw dicts to rcParams-based defaults per a15bc47816), the four visibility keys (`tick1On`, `tick2On`, `label1On`, `label2On`) are saved from the current `_major_tick_kw`/`_minor_tick_kw` (only keys already present), the dicts are reset, the saved visibility values are written back, and `reset_ticks()` is called. This preserves pre-clear visibility (set by `Axes.__init__` tick_params from rcParams, or by `label_outer` on shared subplots) while keeping `gridOn` reset per rcParams (preserving a15bc47816 semantics).\n\n**Tests (lib/matplotlib/tests/test_subplots.py):**\n- `test_shared_axes_clear_keeps_ticks_hidden`: shared 2x2 subplots, `ax.clear()`, asserts tick2/label2 lines and top-row x label1 / right-col y label1 stay hidden — rcParams-robust via explicit rc_context.\n- `test_clear_keeps_tick_visibility`: pre/post snapshot comparison of all four visibility keys per axis/which, plus absolute checks (gridOn reset to False, labelsize dropped, rcParams-derived values preserved). Pending issue resolved: rc_context now pins `\""ytick.labelright\"": False` and the erroneous `assert \""label2On\"" not in ax.yaxis._major_tick_kw` was replaced by `assert ax.yaxis._major_tick_kw[\""label2On\""] is False` (y-axis dict legitimately carries `label2On: False` from init-time tick_params).\n\n**Commands & observed results (post-fix):**\n- `python -m pytest lib/matplotlib/tests/test_subplots.py -q -k \""clear_keeps or ticks_hidden\""` → 2 passed.\n- `python /tmp/repro.py` (issue reproduction) → OK.\n- `pytest lib/matplotlib/tests/test_subplots.py -q -k \""shared_and_moved or hide_ticklabels\""` → 17 passed, 15 deselected (includes public check `public_shared_axes_ticklabels`).\n- `pytest lib/matplotlib/tests/test_axes.py -q -k \""reset_grid or grid\""` → 10 passed, 1 skipped.\n- Full `pytest lib/matplotlib/tests/test_subplots.py -q` → 31 passed, 1 skipped.\n- `git diff --stat`: axis.py +12, test_subplots.py +55.\n\n**Scope/limitations:** Only `Axis.clear()` behavior changed; `set_tick_params` and `grid()` untouched. Local pytest success is not the official hidden grading result.""}",0,33,modelbench\big_budget_team_20260906\batches\b1-coding-continuation-v1\results\b1-r1-q05-F-S\episode_result.json,modelbench\big_budget_team_20260906\batches\b1-coding-continuation-v1\results\b1-r1-q05-F-S\events.jsonl,modelbench\big_budget_team_20260906\batches\b1-coding-continuation-v1\results\b1-r1-q05-F-S\model.patch
B1/b1-coding-continuation-v1/b1-r1-q05-F-T,B1,b1-coding-continuation-v1,b1-r1-q05-F-T,matplotlib__matplotlib-20826,F-T,False,"[""lib/matplotlib/axes/_base.py"", ""lib/matplotlib/axes/_subplots.py""]","[""lib/matplotlib/tests/test_subplots.py""]",9462,"{""status"": ""budget_exhausted"", ""summary"": ""[TOKEN_BUDGET_EXHAUSTED] Reservation exceeds remaining token budget""}",2,64,modelbench\big_budget_team_20260906\batches\b1-coding-continuation-v1\results\b1-r1-q05-F-T\episode_result.json,modelbench\big_budget_team_20260906\batches\b1-coding-continuation-v1\results\b1-r1-q05-F-T\events.jsonl,modelbench\big_budget_team_20260906\batches\b1-coding-continuation-v1\results\b1-r1-q05-F-T\model.patch
B1/b1-coding-continuation-v1/b1-r1-q05-S-FF,B1,b1-coding-continuation-v1,b1-r1-q05-S-FF,matplotlib__matplotlib-20826,S-FF,True,"[""lib/matplotlib/axis.py""]","[""lib/matplotlib/tests/test_axes.py"", ""lib/matplotlib/tests/test_subplots.py""]",6743,"{""status"": ""budget_exhausted"", ""summary"": ""[TOKEN_BUDGET_EXHAUSTED] Reservation exceeds remaining token budget""}",2,49,modelbench\big_budget_team_20260906\batches\b1-coding-continuation-v1\results\b1-r1-q05-S-FF\episode_result.json,modelbench\big_budget_team_20260906\batches\b1-coding-continuation-v1\results\b1-r1-q05-S-FF\events.jsonl,modelbench\big_budget_team_20260906\batches\b1-coding-continuation-v1\results\b1-r1-q05-S-FF\model.patch
B1/b1-coding-continuation-v1/b1-r1-q05-S-S,B1,b1-coding-continuation-v1,b1-r1-q05-S-S,matplotlib__matplotlib-20826,S-S,False,[],[],0,"{""status"": ""transport_error"", ""summary"": ""{'type': 'RuntimeError', 'code': 'transport_error', 'message': 'Codex tool-execution violation: item_0, item_1'}""}",0,39,modelbench\big_budget_team_20260906\batches\b1-coding-continuation-v1\results\b1-r1-q05-S-S\episode_result.json,modelbench\big_budget_team_20260906\batches\b1-coding-continuation-v1\results\b1-r1-q05-S-S\events.jsonl,modelbench\big_budget_team_20260906\batches\b1-coding-continuation-v1\results\b1-r1-q05-S-S\model.patch
B1/b1-coding-continuation-v1/b1-r1-q05-T00,B1,b1-coding-continuation-v1,b1-r1-q05-T00,matplotlib__matplotlib-20826,T00,True,"[""lib/matplotlib/axis.py""]",[],924,"{""status"": ""budget_exhausted"", ""summary"": ""[TOKEN_BUDGET_EXHAUSTED] Reservation exceeds remaining token budget""}",2,9,modelbench\big_budget_team_20260906\batches\b1-coding-continuation-v1\results\b1-r1-q05-T00\episode_result.json,modelbench\big_budget_team_20260906\batches\b1-coding-continuation-v1\results\b1-r1-q05-T00\events.jsonl,modelbench\big_budget_team_20260906\batches\b1-coding-continuation-v1\results\b1-r1-q05-T00\model.patch
B1/b1-coding-continuation-v1/b1-r1-q05-T01,B1,b1-coding-continuation-v1,b1-r1-q05-T01,matplotlib__matplotlib-20826,T01,False,[],[],0,"{""status"": ""budget_exhausted"", ""summary"": ""[TOKEN_BUDGET_EXHAUSTED] Reservation exceeds remaining token budget""}",2,12,modelbench\big_budget_team_20260906\batches\b1-coding-continuation-v1\results\b1-r1-q05-T01\episode_result.json,modelbench\big_budget_team_20260906\batches\b1-coding-continuation-v1\results\b1-r1-q05-T01\events.jsonl,modelbench\big_budget_team_20260906\batches\b1-coding-continuation-v1\results\b1-r1-q05-T01\model.patch
B1/b1-coding-continuation-v1/b1-r1-q05-T10,B1,b1-coding-continuation-v1,b1-r1-q05-T10,matplotlib__matplotlib-20826,T10,True,"[""lib/matplotlib/axis.py""]","[""lib/matplotlib/tests/test_subplots.py""]",3536,"{""status"": ""completed"", ""summary"": ""Fixed Axis.clear() in lib/matplotlib/axis.py to preserve existing non-grid tick settings, including shared-subplot label suppression, while recomputing grid visibility from rcParams. Added focused regressions in test_subplots.py for custom tick visibility, 2x2 shared axes, and the single-row sharing boundary. The initial standalone test’s reset-to-default assumption conflicted with the intended preservation semantics, so it was repaired to compare visibility before and after clear(). Against temporarily restored unchanged production, `python -m pytest lib/matplotlib/tests/test_subplots.py -q -k \""clear_shared or clear_keeps\""` produced 3 failures; with the adopted fix it produced 3 passes. Additional observed results: public check `python -m pytest lib/matplotlib/tests/test_subplots.py -q -k \""shared_and_moved or hide_ticklabels\""` — 17 passed, 16 deselected; full subplots module — 32 passed, 1 skipped; `python -m pytest lib/matplotlib/tests/test_axes.py -q -k \""grid\""` — 10 passed, 1 skipped, 733 deselected. compileall and git diff --check also passed. Both admitted workers settled and were explicitly reviewed/adopted. Official hidden tests were not run.""}",2,9,modelbench\big_budget_team_20260906\batches\b1-coding-continuation-v1\results\b1-r1-q05-T10\episode_result.json,modelbench\big_budget_team_20260906\batches\b1-coding-continuation-v1\results\b1-r1-q05-T10\events.jsonl,modelbench\big_budget_team_20260906\batches\b1-coding-continuation-v1\results\b1-r1-q05-T10\model.patch
B1/b1-coding-continuation-v1/b1-r1-q05-T11,B1,b1-coding-continuation-v1,b1-r1-q05-T11,matplotlib__matplotlib-20826,T11,False,[],"[""lib/matplotlib/tests/test_subplots.py""]",4216,"{""status"": ""budget_exhausted"", ""summary"": ""[TOKEN_BUDGET_EXHAUSTED] Reservation exceeds remaining token budget""}",2,51,modelbench\big_budget_team_20260906\batches\b1-coding-continuation-v1\results\b1-r1-q05-T11\episode_result.json,modelbench\big_budget_team_20260906\batches\b1-coding-continuation-v1\results\b1-r1-q05-T11\events.jsonl,modelbench\big_budget_team_20260906\batches\b1-coding-continuation-v1\results\b1-r1-q05-T11\model.patch
B1/b1-mvp-six-v1/b1-r1-q04-S-S,B1,b1-mvp-six-v1,b1-r1-q04-S-S,pydata__xarray-6992,S-S,False,"[""xarray/core/dataset.py""]","[""xarray/tests/test_dataset.py""]",1571,"{""status"": ""completed"", ""summary"": ""Fixed Dataset.reset_index(drop=True) so dropped index variables are also removed from _coord_names before rebuilt index variables are added. Added a focused regression based on the reported MultiIndex example; it independently constructs the expected Dataset and checks Dataset identity plus data_vars/coords lengths. This distinguishes the chosen root-cause fix from a plausible but incomplete change to DataVariables.__len__, which would hide the negative length while leaving the stale coordinate name and incorrect coords mapping. Baseline command `python -m pytest xarray/tests/test_dataset.py -q -k \""reset_index_drop_multiindex\""` failed at assert_identical. After repair, the same focused test passed: 1 passed, 373 deselected. Public check `python -m pytest xarray/tests/test_dataset.py -q -k \""set_index or reset_index or data_vars_properties\""` passed: 5 passed, 369 deselected. Full module command `python -m pytest xarray/tests/test_dataset.py -q` passed: 371 passed, 1 skipped, 1 xfailed, 1 xpassed, with 3 existing rename warnings. `git diff --check` also passed. Scope was intentionally limited to reset_index coordinate bookkeeping and its regression test; the repository-wide suite and official hidden grading were not run.""}",0,15,modelbench\big_budget_team_20260906\batches\b1-mvp-six-v1\results\b1-r1-q04-S-S\episode_result.json,modelbench\big_budget_team_20260906\batches\b1-mvp-six-v1\results\b1-r1-q04-S-S\events.jsonl,modelbench\big_budget_team_20260906\batches\b1-mvp-six-v1\results\b1-r1-q04-S-S\model.patch
B1/b1-mvp-six-v1/b1-r1-q04-T00,B1,b1-mvp-six-v1,b1-r1-q04-T00,pydata__xarray-6992,T00,False,"[""xarray/core/dataset.py""]","[""xarray/tests/test_dataset.py""]",2954,"{""status"": ""completed"", ""summary"": ""Implemented and integrated the xarray Dataset.data_vars fix. DataVariables.__len__ now counts variable keys not present in _coord_names, matching __iter__/__contains__ and remaining non-negative when stale coordinate names outnumber variables. Adopted worker-1's production change and worker-2's focused regression coverage, while removing the invalid assertion that stale \""z\"" must be absent from obj.coords because that is outside the DataVariables contract. The regression covers both an empty-data-variable result and a real data variable (\""foo\""), distinguishing the plausible incorrect subtraction implementation, which yields a negative length in the first case and undercounts the second. Final integrated verification: `python -m pytest xarray/tests/test_dataset.py::TestDataset::test_data_vars_properties xarray/tests/test_dataset.py::TestDataset::test_reset_index_drop_stale_coord_names -q` observed 2 passed; `python -m pytest xarray/tests/test_dataset.py -q -k \""set_index or reset_index or data_vars_properties\""` observed 5 passed, 369 deselected. `git diff --check` passed. Scope was limited to xarray/core/dataset.py and targeted tests in xarray/tests/test_dataset.py; no claim is made about official hidden grading.""}",2,3,modelbench\big_budget_team_20260906\batches\b1-mvp-six-v1\results\b1-r1-q04-T00\episode_result.json,modelbench\big_budget_team_20260906\batches\b1-mvp-six-v1\results\b1-r1-q04-T00\events.jsonl,modelbench\big_budget_team_20260906\batches\b1-mvp-six-v1\results\b1-r1-q04-T00\model.patch
B1/b1-mvp-six-v1/b1-r1-q04-T11,B1,b1-mvp-six-v1,b1-r1-q04-T11,pydata__xarray-6992,T11,False,"[""xarray/core/dataset.py""]","[""xarray/tests/test_dataset.py""]",1844,"{""status"": ""completed"", ""summary"": ""Fixed DataVariables.__len__ in xarray/core/dataset.py by subtracting only coordinate names that actually intersect _variables, aligning length with iteration and membership when stale/extra _coord_names remain after dropping a MultiIndex. Added test_data_vars_properties_after_dropping_multiindex in xarray/tests/test_dataset.py, covering both an empty-data-vars MVCE and a retained data variable, including len, iteration, lookup, and repr. The focused regression failed on the unchanged baseline with ValueError: __len__() should return >= 0 (1 failed in 1.20s) and passed after the fix (1 passed in 0.52s). The public check `python -m pytest xarray/tests/test_dataset.py -q -k \""set_index or reset_index or data_vars_properties\""` passed: 5 passed, 369 deselected. Final integration check `python -m pytest xarray/tests/test_dataset.py -q` passed: 371 passed, 1 skipped, 1 xfailed, 1 xpassed, with 3 existing warnings; `git diff --check` also passed. The regression distinguishes the adopted set-intersection calculation from a plausible incorrect zero-clamping implementation by retaining a real data variable while extra coordinate names exist. Worker-1's minimal production patch was reviewed and adopted. Worker-2's proposed private-invariant test was reviewed and discarded because it incorrectly required _coord_names to be a subset of _variables, contrary to the issue's accepted post-refactor state; its baseline evidence informed the public-behavior regression. Both admitted workers settled and were reviewed. Modified files: xarray/core/dataset.py and xarray/tests/test_dataset.py. Local checks are not official hidden-grading results; no broader repository suite or hidden tests were run.""}",2,16,modelbench\big_budget_team_20260906\batches\b1-mvp-six-v1\results\b1-r1-q04-T11\episode_result.json,modelbench\big_budget_team_20260906\batches\b1-mvp-six-v1\results\b1-r1-q04-T11\events.jsonl,modelbench\big_budget_team_20260906\batches\b1-mvp-six-v1\results\b1-r1-q04-T11\model.patch
B1/b1-mvp-six-v1/b1-r1-q06-S-S,B1,b1-mvp-six-v1,b1-r1-q06-S-S,pylint-dev__pylint-6386,S-S,False,[],[],0,"{""status"": ""budget_exhausted"", ""summary"": ""[TOKEN_BUDGET_EXHAUSTED] Reservation exceeds remaining token budget""}",0,60,modelbench\big_budget_team_20260906\batches\b1-mvp-six-v1\results\b1-r1-q06-S-S\episode_result.json,modelbench\big_budget_team_20260906\batches\b1-mvp-six-v1\results\b1-r1-q06-S-S\events.jsonl,modelbench\big_budget_team_20260906\batches\b1-mvp-six-v1\results\b1-r1-q06-S-S\model.patch
B1/b1-mvp-six-v1/b1-r1-q06-T00,B1,b1-mvp-six-v1,b1-r1-q06-T00,pylint-dev__pylint-6386,T00,True,"[""pylint/config/utils.py"", ""pylint/lint/base_options.py""]","[""tests/test_self.py""]",2139,"{""status"": ""completed"", ""summary"": ""Fixed short verbose option handling. Production changes: pylint/lint/base_options.py gives the verbose callback nargs=0, so -v consumes no argument and help no longer shows a VERBOSE metavar; pylint/config/utils.py now preprocesses -v as the short equivalent of --verbose, so it also sets Run.verbose=True. Updated tests/test_self.py to exercise both --verbose and -v with a real input file and exit=False.\n\nCounterexample evidence: on the unchanged baseline, `python -m pylint tests/regrtest_data/empty.py -v` exited 2 with `argument --verbose/-v: expected one argument`, and help showed `--verbose VERBOSE, -v VERBOSE`. The initially adopted worker-1 nargs-only patch was a plausible incomplete implementation: the focused regression test failed because -v parsed successfully but left run.verbose=False. The additional preprocessing change repairs that semantic difference.\n\nFinal observed checks: `python -m pytest tests/test_self.py -q -k verbose` — 1 passed, 117 deselected; `python -m pytest tests/config/test_find_default_config_files.py -q -k verbose` — 1 passed, 11 deselected; `python -m pylint tests/regrtest_data/empty.py -v` — exit 0; `python -m pylint --help` — exit 0 and displays `--verbose, -v` without a metavar; `git diff --check` — passed. Worker-1's production delivery was adopted and then repaired during integration; worker-2 produced no test delta and was discarded, while its analysis informed the manually integrated regression. Both workers are settled and reviewed. Validation used the available Python 3.9/astroid 2.11.6 environment and focused tests only; the issue reporter's Python 3.10 beta environment and official hidden grading were not available.""}",2,6,modelbench\big_budget_team_20260906\batches\b1-mvp-six-v1\results\b1-r1-q06-T00\episode_result.json,modelbench\big_budget_team_20260906\batches\b1-mvp-six-v1\results\b1-r1-q06-T00\events.jsonl,modelbench\big_budget_team_20260906\batches\b1-mvp-six-v1\results\b1-r1-q06-T00\model.patch
B1/b1-mvp-six-v1/b1-r1-q06-T11,B1,b1-mvp-six-v1,b1-r1-q06-T11,pylint-dev__pylint-6386,T11,True,"[""pylint/config/utils.py"", ""pylint/lint/base_options.py""]","[""tests/test_self.py""]",3858,"{""status"": ""completed"", ""summary"": ""Completed and reviewed the integrated fix. Adopted both settled worker deliveries: worker-1’s production changes and worker-2’s regression tests. Production now registers `-v` as a no-value preprocessable alias, recognizes single-dash options during preprocessing, and declares verbose with `nargs: 0`, so both spellings behave as flags and help no longer shows a `VERBOSE` metavar. Baseline evidence: `python -m pytest tests/test_self.py -q -k verbose` produced 2 failures and 2 passes, specifically exposing `-v` consuming an argument and the incorrect help metavar. With the adopted changes, the same command produced 4 passed, 117 deselected; `python -m pytest tests/config/test_find_default_config_files.py -q -k verbose` produced 1 passed, 11 deselected. CLI checks confirmed `-v` and `--verbose` work before or after other arguments, both explicit-value forms return 32, `-h` remains functional, and verbose help has no value placeholder. `git diff --check` passed. The tests distinguish a partial implementation that preprocesses `-v` but leaves the argparse declaration value-taking, because that implementation would still render `VERBOSE`; they also verify explicit values are rejected. Validation was limited to focused tests and CLI smoke checks; the full suite and official hidden grading were not run.""}",2,27,modelbench\big_budget_team_20260906\batches\b1-mvp-six-v1\results\b1-r1-q06-T11\episode_result.json,modelbench\big_budget_team_20260906\batches\b1-mvp-six-v1\results\b1-r1-q06-T11\events.jsonl,modelbench\big_budget_team_20260906\batches\b1-mvp-six-v1\results\b1-r1-q06-T11\model.patch
