episode_id,family,batch,run_id,task,arm,qualified_swe,included,reason,comparison_ids,source_result
swe_fixed_team_20260903::hard_canary_20260905::pydata__xarray-7229__hetero_gpt-5.6-terra__glm-5.3,swe_fixed_team_20260903,hard_canary_20260905,pydata__xarray-7229__hetero_gpt-5.6-terra__glm-5.3,pydata__xarray-7229,hetero_gpt-5.6-terra__glm-5.3,True,False,no_solo_with_same_task_runtime_transport_and_budget,[],modelbench\swe_fixed_team_20260903\hard_canary_20260905\results\pydata__xarray-7229__hetero_gpt-5.6-terra__glm-5.3\result.json
swe_fixed_team_20260903::pilot_v1::matplotlib__matplotlib-25122__fixed_glm-5.3,swe_fixed_team_20260903,pilot_v1,matplotlib__matplotlib-25122__fixed_glm-5.3,matplotlib__matplotlib-25122,fixed_glm-5.3,False,False,not_qualified_official_SWE_episode,[],modelbench\swe_fixed_team_20260903\pilot_v1\results\matplotlib__matplotlib-25122__fixed_glm-5.3\result.json
swe_fixed_team_20260903::pilot_v1::matplotlib__matplotlib-25122__solo,swe_fixed_team_20260903,pilot_v1,matplotlib__matplotlib-25122__solo,matplotlib__matplotlib-25122,solo,False,False,not_qualified_official_SWE_episode,[],modelbench\swe_fixed_team_20260903\pilot_v1\results\matplotlib__matplotlib-25122__solo\result.json
swe_fixed_team_20260903::pilot_v10::sphinx-doc__sphinx-8035__hetero_gpt-5.6-terra__glm-5.3,swe_fixed_team_20260903,pilot_v10,sphinx-doc__sphinx-8035__hetero_gpt-5.6-terra__glm-5.3,sphinx-doc__sphinx-8035,hetero_gpt-5.6-terra__glm-5.3,True,True,included_compatible_same_task_pair,"[""cmp-ffbc05c59c284c3d""]",modelbench\swe_fixed_team_20260903\pilot_v10\results\sphinx-doc__sphinx-8035__hetero_gpt-5.6-terra__glm-5.3\result.json
swe_fixed_team_20260903::pilot_v10::sphinx-doc__sphinx-8035__hetero_gpt-5.6-terra__glm-5.3.rep2,swe_fixed_team_20260903,pilot_v10,sphinx-doc__sphinx-8035__hetero_gpt-5.6-terra__glm-5.3.rep2,sphinx-doc__sphinx-8035,hetero_gpt-5.6-terra__glm-5.3,True,True,included_compatible_same_task_pair,"[""cmp-ffbc05c59c284c3d""]",modelbench\swe_fixed_team_20260903\pilot_v10\results\sphinx-doc__sphinx-8035__hetero_gpt-5.6-terra__glm-5.3.rep2\result.json
swe_fixed_team_20260903::pilot_v10::sphinx-doc__sphinx-8035__hetero_gpt-5.6-terra__glm-5.3.rep3,swe_fixed_team_20260903,pilot_v10,sphinx-doc__sphinx-8035__hetero_gpt-5.6-terra__glm-5.3.rep3,sphinx-doc__sphinx-8035,hetero_gpt-5.6-terra__glm-5.3,True,True,included_compatible_same_task_pair,"[""cmp-ffbc05c59c284c3d""]",modelbench\swe_fixed_team_20260903\pilot_v10\results\sphinx-doc__sphinx-8035__hetero_gpt-5.6-terra__glm-5.3.rep3\result.json
swe_fixed_team_20260903::pilot_v10::sphinx-doc__sphinx-8035__heterooff_gpt-5.6-terra__glm-5.3,swe_fixed_team_20260903,pilot_v10,sphinx-doc__sphinx-8035__heterooff_gpt-5.6-terra__glm-5.3,sphinx-doc__sphinx-8035,heterooff_gpt-5.6-terra__glm-5.3,True,True,included_compatible_same_task_pair,"[""cmp-99add2aa0f59b3da""]",modelbench\swe_fixed_team_20260903\pilot_v10\results\sphinx-doc__sphinx-8035__heterooff_gpt-5.6-terra__glm-5.3\result.json
swe_fixed_team_20260903::pilot_v10::sphinx-doc__sphinx-8035__heterooff_gpt-5.6-terra__glm-5.3.rep2,swe_fixed_team_20260903,pilot_v10,sphinx-doc__sphinx-8035__heterooff_gpt-5.6-terra__glm-5.3.rep2,sphinx-doc__sphinx-8035,heterooff_gpt-5.6-terra__glm-5.3,True,True,included_compatible_same_task_pair,"[""cmp-99add2aa0f59b3da""]",modelbench\swe_fixed_team_20260903\pilot_v10\results\sphinx-doc__sphinx-8035__heterooff_gpt-5.6-terra__glm-5.3.rep2\result.json
swe_fixed_team_20260903::pilot_v10::sphinx-doc__sphinx-8035__heterooff_gpt-5.6-terra__glm-5.3.rep3,swe_fixed_team_20260903,pilot_v10,sphinx-doc__sphinx-8035__heterooff_gpt-5.6-terra__glm-5.3.rep3,sphinx-doc__sphinx-8035,heterooff_gpt-5.6-terra__glm-5.3,True,True,included_compatible_same_task_pair,"[""cmp-99add2aa0f59b3da""]",modelbench\swe_fixed_team_20260903\pilot_v10\results\sphinx-doc__sphinx-8035__heterooff_gpt-5.6-terra__glm-5.3.rep3\result.json
swe_fixed_team_20260903::pilot_v10::sphinx-doc__sphinx-8035__solo_gpt-5.6-sol,swe_fixed_team_20260903,pilot_v10,sphinx-doc__sphinx-8035__solo_gpt-5.6-sol,sphinx-doc__sphinx-8035,solo_gpt-5.6-sol,True,True,included_compatible_same_task_pair,"[""cmp-ffbc05c59c284c3d"",""cmp-99add2aa0f59b3da""]",modelbench\swe_fixed_team_20260903\pilot_v10\results\sphinx-doc__sphinx-8035__solo_gpt-5.6-sol\result.json
swe_fixed_team_20260903::pilot_v10::sphinx-doc__sphinx-8035__solo_gpt-5.6-sol.rep2,swe_fixed_team_20260903,pilot_v10,sphinx-doc__sphinx-8035__solo_gpt-5.6-sol.rep2,sphinx-doc__sphinx-8035,solo_gpt-5.6-sol,True,True,included_compatible_same_task_pair,"[""cmp-ffbc05c59c284c3d"",""cmp-99add2aa0f59b3da""]",modelbench\swe_fixed_team_20260903\pilot_v10\results\sphinx-doc__sphinx-8035__solo_gpt-5.6-sol.rep2\result.json
swe_fixed_team_20260903::pilot_v10::sphinx-doc__sphinx-8035__solo_gpt-5.6-sol.rep3,swe_fixed_team_20260903,pilot_v10,sphinx-doc__sphinx-8035__solo_gpt-5.6-sol.rep3,sphinx-doc__sphinx-8035,solo_gpt-5.6-sol,True,True,included_compatible_same_task_pair,"[""cmp-ffbc05c59c284c3d"",""cmp-99add2aa0f59b3da""]",modelbench\swe_fixed_team_20260903\pilot_v10\results\sphinx-doc__sphinx-8035__solo_gpt-5.6-sol.rep3\result.json
swe_fixed_team_20260903::pilot_v11::sphinx-doc__sphinx-8035__fixed_deepseek-v4-flash,swe_fixed_team_20260903,pilot_v11,sphinx-doc__sphinx-8035__fixed_deepseek-v4-flash,sphinx-doc__sphinx-8035,fixed_deepseek-v4-flash,True,False,no_solo_with_same_task_runtime_transport_and_budget,[],modelbench\swe_fixed_team_20260903\pilot_v11\results\sphinx-doc__sphinx-8035__fixed_deepseek-v4-flash\result.json
swe_fixed_team_20260903::pilot_v11::sphinx-doc__sphinx-8035__fixed_glm-5.3,swe_fixed_team_20260903,pilot_v11,sphinx-doc__sphinx-8035__fixed_glm-5.3,sphinx-doc__sphinx-8035,fixed_glm-5.3,True,False,no_solo_with_same_task_runtime_transport_and_budget,[],modelbench\swe_fixed_team_20260903\pilot_v11\results\sphinx-doc__sphinx-8035__fixed_glm-5.3\result.json
swe_fixed_team_20260903::pilot_v11::sphinx-doc__sphinx-8035__fixed_glm-5.3.rep2,swe_fixed_team_20260903,pilot_v11,sphinx-doc__sphinx-8035__fixed_glm-5.3.rep2,sphinx-doc__sphinx-8035,fixed_glm-5.3,True,False,no_solo_with_same_task_runtime_transport_and_budget,[],modelbench\swe_fixed_team_20260903\pilot_v11\results\sphinx-doc__sphinx-8035__fixed_glm-5.3.rep2\result.json
swe_fixed_team_20260903::pilot_v11::sphinx-doc__sphinx-8035__fixed_gpt-5.6-sol,swe_fixed_team_20260903,pilot_v11,sphinx-doc__sphinx-8035__fixed_gpt-5.6-sol,sphinx-doc__sphinx-8035,fixed_gpt-5.6-sol,True,False,no_solo_with_same_task_runtime_transport_and_budget,[],modelbench\swe_fixed_team_20260903\pilot_v11\results\sphinx-doc__sphinx-8035__fixed_gpt-5.6-sol\result.json
swe_fixed_team_20260903::pilot_v11::sphinx-doc__sphinx-8035__fixed_gpt-5.6-sol.rep2,swe_fixed_team_20260903,pilot_v11,sphinx-doc__sphinx-8035__fixed_gpt-5.6-sol.rep2,sphinx-doc__sphinx-8035,fixed_gpt-5.6-sol,True,False,no_solo_with_same_task_runtime_transport_and_budget,[],modelbench\swe_fixed_team_20260903\pilot_v11\results\sphinx-doc__sphinx-8035__fixed_gpt-5.6-sol.rep2\result.json
swe_fixed_team_20260903::pilot_v11::sphinx-doc__sphinx-8035__hetero_gpt-5.6-terra__glm-5.3,swe_fixed_team_20260903,pilot_v11,sphinx-doc__sphinx-8035__hetero_gpt-5.6-terra__glm-5.3,sphinx-doc__sphinx-8035,hetero_gpt-5.6-terra__glm-5.3,True,False,no_solo_with_same_task_runtime_transport_and_budget,[],modelbench\swe_fixed_team_20260903\pilot_v11\results\sphinx-doc__sphinx-8035__hetero_gpt-5.6-terra__glm-5.3\result.json
swe_fixed_team_20260903::pilot_v11::sphinx-doc__sphinx-8035__hetero_gpt-5.6-terra__glm-5.3.rep2,swe_fixed_team_20260903,pilot_v11,sphinx-doc__sphinx-8035__hetero_gpt-5.6-terra__glm-5.3.rep2,sphinx-doc__sphinx-8035,hetero_gpt-5.6-terra__glm-5.3,True,False,no_solo_with_same_task_runtime_transport_and_budget,[],modelbench\swe_fixed_team_20260903\pilot_v11\results\sphinx-doc__sphinx-8035__hetero_gpt-5.6-terra__glm-5.3.rep2\result.json
swe_fixed_team_20260903::pilot_v12::astropy__astropy-14995__hetero_gpt-5.6-terra__glm-5.3,swe_fixed_team_20260903,pilot_v12,astropy__astropy-14995__hetero_gpt-5.6-terra__glm-5.3,astropy__astropy-14995,hetero_gpt-5.6-terra__glm-5.3,True,True,included_compatible_same_task_pair,"[""cmp-e93815b2493f4b81""]",modelbench\swe_fixed_team_20260903\pilot_v12\results\astropy__astropy-14995__hetero_gpt-5.6-terra__glm-5.3\result.json
swe_fixed_team_20260903::pilot_v12::astropy__astropy-14995__hetero_gpt-5.6-terra__glm-5.3.rep2,swe_fixed_team_20260903,pilot_v12,astropy__astropy-14995__hetero_gpt-5.6-terra__glm-5.3.rep2,astropy__astropy-14995,hetero_gpt-5.6-terra__glm-5.3,True,True,included_compatible_same_task_pair,"[""cmp-e93815b2493f4b81""]",modelbench\swe_fixed_team_20260903\pilot_v12\results\astropy__astropy-14995__hetero_gpt-5.6-terra__glm-5.3.rep2\result.json
swe_fixed_team_20260903::pilot_v12::astropy__astropy-14995__hetero_gpt-5.6-terra__glm-5.3.rep3,swe_fixed_team_20260903,pilot_v12,astropy__astropy-14995__hetero_gpt-5.6-terra__glm-5.3.rep3,astropy__astropy-14995,hetero_gpt-5.6-terra__glm-5.3,True,True,included_compatible_same_task_pair,"[""cmp-e93815b2493f4b81""]",modelbench\swe_fixed_team_20260903\pilot_v12\results\astropy__astropy-14995__hetero_gpt-5.6-terra__glm-5.3.rep3\result.json
swe_fixed_team_20260903::pilot_v12::astropy__astropy-14995__heterooff_gpt-5.6-terra__glm-5.3,swe_fixed_team_20260903,pilot_v12,astropy__astropy-14995__heterooff_gpt-5.6-terra__glm-5.3,astropy__astropy-14995,heterooff_gpt-5.6-terra__glm-5.3,True,True,included_compatible_same_task_pair,"[""cmp-144fc6baa5295436""]",modelbench\swe_fixed_team_20260903\pilot_v12\results\astropy__astropy-14995__heterooff_gpt-5.6-terra__glm-5.3\result.json
swe_fixed_team_20260903::pilot_v12::astropy__astropy-14995__heterooff_gpt-5.6-terra__glm-5.3.rep2,swe_fixed_team_20260903,pilot_v12,astropy__astropy-14995__heterooff_gpt-5.6-terra__glm-5.3.rep2,astropy__astropy-14995,heterooff_gpt-5.6-terra__glm-5.3,True,True,included_compatible_same_task_pair,"[""cmp-144fc6baa5295436""]",modelbench\swe_fixed_team_20260903\pilot_v12\results\astropy__astropy-14995__heterooff_gpt-5.6-terra__glm-5.3.rep2\result.json
swe_fixed_team_20260903::pilot_v12::astropy__astropy-14995__heterooff_gpt-5.6-terra__glm-5.3.rep3,swe_fixed_team_20260903,pilot_v12,astropy__astropy-14995__heterooff_gpt-5.6-terra__glm-5.3.rep3,astropy__astropy-14995,heterooff_gpt-5.6-terra__glm-5.3,True,True,included_compatible_same_task_pair,"[""cmp-144fc6baa5295436""]",modelbench\swe_fixed_team_20260903\pilot_v12\results\astropy__astropy-14995__heterooff_gpt-5.6-terra__glm-5.3.rep3\result.json
swe_fixed_team_20260903::pilot_v12::astropy__astropy-14995__solo_gpt-5.6-sol,swe_fixed_team_20260903,pilot_v12,astropy__astropy-14995__solo_gpt-5.6-sol,astropy__astropy-14995,solo_gpt-5.6-sol,True,True,included_compatible_same_task_pair,"[""cmp-e93815b2493f4b81"",""cmp-144fc6baa5295436""]",modelbench\swe_fixed_team_20260903\pilot_v12\results\astropy__astropy-14995__solo_gpt-5.6-sol\result.json
swe_fixed_team_20260903::pilot_v12::astropy__astropy-14995__solo_gpt-5.6-sol.rep2,swe_fixed_team_20260903,pilot_v12,astropy__astropy-14995__solo_gpt-5.6-sol.rep2,astropy__astropy-14995,solo_gpt-5.6-sol,True,True,included_compatible_same_task_pair,"[""cmp-e93815b2493f4b81"",""cmp-144fc6baa5295436""]",modelbench\swe_fixed_team_20260903\pilot_v12\results\astropy__astropy-14995__solo_gpt-5.6-sol.rep2\result.json
swe_fixed_team_20260903::pilot_v12::astropy__astropy-14995__solo_gpt-5.6-sol.rep3,swe_fixed_team_20260903,pilot_v12,astropy__astropy-14995__solo_gpt-5.6-sol.rep3,astropy__astropy-14995,solo_gpt-5.6-sol,True,True,included_compatible_same_task_pair,"[""cmp-e93815b2493f4b81"",""cmp-144fc6baa5295436""]",modelbench\swe_fixed_team_20260903\pilot_v12\results\astropy__astropy-14995__solo_gpt-5.6-sol.rep3\result.json
swe_fixed_team_20260903::pilot_v13::sphinx-doc__sphinx-8035__heterooff_gpt-5.6-terra__glm-5.3.cm24,swe_fixed_team_20260903,pilot_v13,sphinx-doc__sphinx-8035__heterooff_gpt-5.6-terra__glm-5.3.cm24,sphinx-doc__sphinx-8035,heterooff_gpt-5.6-terra__glm-5.3.cm24,True,True,included_compatible_same_task_pair,"[""cmp-9e8101a5d38c8d27""]",modelbench\swe_fixed_team_20260903\pilot_v13\results\sphinx-doc__sphinx-8035__heterooff_gpt-5.6-terra__glm-5.3.cm24\result.json
swe_fixed_team_20260903::pilot_v13::sphinx-doc__sphinx-8035__heterooff_gpt-5.6-terra__glm-5.3.cm6,swe_fixed_team_20260903,pilot_v13,sphinx-doc__sphinx-8035__heterooff_gpt-5.6-terra__glm-5.3.cm6,sphinx-doc__sphinx-8035,heterooff_gpt-5.6-terra__glm-5.3.cm6,True,True,included_compatible_same_task_pair,"[""cmp-cbb8e60df9169f24""]",modelbench\swe_fixed_team_20260903\pilot_v13\results\sphinx-doc__sphinx-8035__heterooff_gpt-5.6-terra__glm-5.3.cm6\result.json
swe_fixed_team_20260903::pilot_v13::sphinx-doc__sphinx-8035__solo_gpt-5.6-sol.cm24,swe_fixed_team_20260903,pilot_v13,sphinx-doc__sphinx-8035__solo_gpt-5.6-sol.cm24,sphinx-doc__sphinx-8035,solo_gpt-5.6-sol.cm24,True,True,included_compatible_same_task_pair,"[""cmp-9e8101a5d38c8d27""]",modelbench\swe_fixed_team_20260903\pilot_v13\results\sphinx-doc__sphinx-8035__solo_gpt-5.6-sol.cm24\result.json
swe_fixed_team_20260903::pilot_v13::sphinx-doc__sphinx-8035__solo_gpt-5.6-sol.cm24.rep2,swe_fixed_team_20260903,pilot_v13,sphinx-doc__sphinx-8035__solo_gpt-5.6-sol.cm24.rep2,sphinx-doc__sphinx-8035,solo_gpt-5.6-sol.cm24,True,True,included_compatible_same_task_pair,"[""cmp-9e8101a5d38c8d27""]",modelbench\swe_fixed_team_20260903\pilot_v13\results\sphinx-doc__sphinx-8035__solo_gpt-5.6-sol.cm24.rep2\result.json
swe_fixed_team_20260903::pilot_v13::sphinx-doc__sphinx-8035__solo_gpt-5.6-sol.cm6,swe_fixed_team_20260903,pilot_v13,sphinx-doc__sphinx-8035__solo_gpt-5.6-sol.cm6,sphinx-doc__sphinx-8035,solo_gpt-5.6-sol.cm6,True,True,included_compatible_same_task_pair,"[""cmp-cbb8e60df9169f24""]",modelbench\swe_fixed_team_20260903\pilot_v13\results\sphinx-doc__sphinx-8035__solo_gpt-5.6-sol.cm6\result.json
swe_fixed_team_20260903::pilot_v13::sphinx-doc__sphinx-8035__solo_gpt-5.6-sol.cm6.rep2,swe_fixed_team_20260903,pilot_v13,sphinx-doc__sphinx-8035__solo_gpt-5.6-sol.cm6.rep2,sphinx-doc__sphinx-8035,solo_gpt-5.6-sol.cm6,True,True,included_compatible_same_task_pair,"[""cmp-cbb8e60df9169f24""]",modelbench\swe_fixed_team_20260903\pilot_v13\results\sphinx-doc__sphinx-8035__solo_gpt-5.6-sol.cm6.rep2\result.json
swe_fixed_team_20260903::pilot_v14::django__django-14140__solo_gpt-5.6-sol,swe_fixed_team_20260903,pilot_v14,django__django-14140__solo_gpt-5.6-sol,django__django-14140,solo_gpt-5.6-sol,True,False,solo_has_no_compatible_fixed_team_for_task,[],modelbench\swe_fixed_team_20260903\pilot_v14\results\django__django-14140__solo_gpt-5.6-sol\result.json
swe_fixed_team_20260903::pilot_v14::matplotlib__matplotlib-25122__solo_gpt-5.6-sol,swe_fixed_team_20260903,pilot_v14,matplotlib__matplotlib-25122__solo_gpt-5.6-sol,matplotlib__matplotlib-25122,solo_gpt-5.6-sol,True,False,solo_has_no_compatible_fixed_team_for_task,[],modelbench\swe_fixed_team_20260903\pilot_v14\results\matplotlib__matplotlib-25122__solo_gpt-5.6-sol\result.json
swe_fixed_team_20260903::pilot_v14::mwaskom__seaborn-3069__solo_gpt-5.6-sol,swe_fixed_team_20260903,pilot_v14,mwaskom__seaborn-3069__solo_gpt-5.6-sol,mwaskom__seaborn-3069,solo_gpt-5.6-sol,True,False,solo_has_no_compatible_fixed_team_for_task,[],modelbench\swe_fixed_team_20260903\pilot_v14\results\mwaskom__seaborn-3069__solo_gpt-5.6-sol\result.json
swe_fixed_team_20260903::pilot_v14::pallets__flask-5014__solo_gpt-5.6-sol,swe_fixed_team_20260903,pilot_v14,pallets__flask-5014__solo_gpt-5.6-sol,pallets__flask-5014,solo_gpt-5.6-sol,True,False,solo_has_no_compatible_fixed_team_for_task,[],modelbench\swe_fixed_team_20260903\pilot_v14\results\pallets__flask-5014__solo_gpt-5.6-sol\result.json
swe_fixed_team_20260903::pilot_v14::pydata__xarray-7229__solo_gpt-5.6-sol,swe_fixed_team_20260903,pilot_v14,pydata__xarray-7229__solo_gpt-5.6-sol,pydata__xarray-7229,solo_gpt-5.6-sol,True,False,solo_has_no_compatible_fixed_team_for_task,[],modelbench\swe_fixed_team_20260903\pilot_v14\results\pydata__xarray-7229__solo_gpt-5.6-sol\result.json
swe_fixed_team_20260903::pilot_v14::pytest-dev__pytest-7571__solo_gpt-5.6-sol,swe_fixed_team_20260903,pilot_v14,pytest-dev__pytest-7571__solo_gpt-5.6-sol,pytest-dev__pytest-7571,solo_gpt-5.6-sol,True,False,solo_has_no_compatible_fixed_team_for_task,[],modelbench\swe_fixed_team_20260903\pilot_v14\results\pytest-dev__pytest-7571__solo_gpt-5.6-sol\result.json
swe_fixed_team_20260903::pilot_v14::scikit-learn__scikit-learn-25232__solo_gpt-5.6-sol,swe_fixed_team_20260903,pilot_v14,scikit-learn__scikit-learn-25232__solo_gpt-5.6-sol,scikit-learn__scikit-learn-25232,solo_gpt-5.6-sol,True,False,solo_has_no_compatible_fixed_team_for_task,[],modelbench\swe_fixed_team_20260903\pilot_v14\results\scikit-learn__scikit-learn-25232__solo_gpt-5.6-sol\result.json
swe_fixed_team_20260903::pilot_v14::sympy__sympy-16792__solo_gpt-5.6-sol,swe_fixed_team_20260903,pilot_v14,sympy__sympy-16792__solo_gpt-5.6-sol,sympy__sympy-16792,solo_gpt-5.6-sol,True,False,solo_has_no_compatible_fixed_team_for_task,[],modelbench\swe_fixed_team_20260903\pilot_v14\results\sympy__sympy-16792__solo_gpt-5.6-sol\result.json
swe_fixed_team_20260903::pilot_v15::astropy__astropy-14995__solo_gpt-5.6-sol,swe_fixed_team_20260903,pilot_v15,astropy__astropy-14995__solo_gpt-5.6-sol,astropy__astropy-14995,solo_gpt-5.6-sol,True,False,solo_has_no_compatible_fixed_team_for_task,[],modelbench\swe_fixed_team_20260903\pilot_v15\results\astropy__astropy-14995__solo_gpt-5.6-sol\result.json
swe_fixed_team_20260903::pilot_v15::mwaskom__seaborn-3069__solo_gpt-5.6-sol,swe_fixed_team_20260903,pilot_v15,mwaskom__seaborn-3069__solo_gpt-5.6-sol,mwaskom__seaborn-3069,solo_gpt-5.6-sol,True,False,solo_has_no_compatible_fixed_team_for_task,[],modelbench\swe_fixed_team_20260903\pilot_v15\results\mwaskom__seaborn-3069__solo_gpt-5.6-sol\result.json
swe_fixed_team_20260903::pilot_v15::mwaskom__seaborn-3069__solo_gpt-5.6-sol.rep2,swe_fixed_team_20260903,pilot_v15,mwaskom__seaborn-3069__solo_gpt-5.6-sol.rep2,mwaskom__seaborn-3069,solo_gpt-5.6-sol,True,False,solo_has_no_compatible_fixed_team_for_task,[],modelbench\swe_fixed_team_20260903\pilot_v15\results\mwaskom__seaborn-3069__solo_gpt-5.6-sol.rep2\result.json
swe_fixed_team_20260903::pilot_v15::pydata__xarray-7229__solo_gpt-5.6-sol,swe_fixed_team_20260903,pilot_v15,pydata__xarray-7229__solo_gpt-5.6-sol,pydata__xarray-7229,solo_gpt-5.6-sol,True,False,solo_has_no_compatible_fixed_team_for_task,[],modelbench\swe_fixed_team_20260903\pilot_v15\results\pydata__xarray-7229__solo_gpt-5.6-sol\result.json
swe_fixed_team_20260903::pilot_v15::pydata__xarray-7229__solo_gpt-5.6-sol.rep2,swe_fixed_team_20260903,pilot_v15,pydata__xarray-7229__solo_gpt-5.6-sol.rep2,pydata__xarray-7229,solo_gpt-5.6-sol,True,False,solo_has_no_compatible_fixed_team_for_task,[],modelbench\swe_fixed_team_20260903\pilot_v15\results\pydata__xarray-7229__solo_gpt-5.6-sol.rep2\result.json
swe_fixed_team_20260903::pilot_v15::scikit-learn__scikit-learn-25232__solo_gpt-5.6-sol,swe_fixed_team_20260903,pilot_v15,scikit-learn__scikit-learn-25232__solo_gpt-5.6-sol,scikit-learn__scikit-learn-25232,solo_gpt-5.6-sol,True,False,solo_has_no_compatible_fixed_team_for_task,[],modelbench\swe_fixed_team_20260903\pilot_v15\results\scikit-learn__scikit-learn-25232__solo_gpt-5.6-sol\result.json
swe_fixed_team_20260903::pilot_v15::sphinx-doc__sphinx-8035__solo_gpt-5.6-sol,swe_fixed_team_20260903,pilot_v15,sphinx-doc__sphinx-8035__solo_gpt-5.6-sol,sphinx-doc__sphinx-8035,solo_gpt-5.6-sol,True,False,solo_has_no_compatible_fixed_team_for_task,[],modelbench\swe_fixed_team_20260903\pilot_v15\results\sphinx-doc__sphinx-8035__solo_gpt-5.6-sol\result.json
swe_fixed_team_20260903::pilot_v15::sphinx-doc__sphinx-8035__solo_gpt-5.6-sol.cm24,swe_fixed_team_20260903,pilot_v15,sphinx-doc__sphinx-8035__solo_gpt-5.6-sol.cm24,sphinx-doc__sphinx-8035,solo_gpt-5.6-sol.cm24,True,False,solo_has_no_compatible_fixed_team_for_task,[],modelbench\swe_fixed_team_20260903\pilot_v15\results\sphinx-doc__sphinx-8035__solo_gpt-5.6-sol.cm24\result.json
swe_fixed_team_20260903::pilot_v15::sphinx-doc__sphinx-8035__solo_gpt-5.6-sol.cm24.rep2,swe_fixed_team_20260903,pilot_v15,sphinx-doc__sphinx-8035__solo_gpt-5.6-sol.cm24.rep2,sphinx-doc__sphinx-8035,solo_gpt-5.6-sol.cm24,True,False,solo_has_no_compatible_fixed_team_for_task,[],modelbench\swe_fixed_team_20260903\pilot_v15\results\sphinx-doc__sphinx-8035__solo_gpt-5.6-sol.cm24.rep2\result.json
swe_fixed_team_20260903::pilot_v15::sphinx-doc__sphinx-8035__solo_gpt-5.6-sol.nocurf,swe_fixed_team_20260903,pilot_v15,sphinx-doc__sphinx-8035__solo_gpt-5.6-sol.nocurf,sphinx-doc__sphinx-8035,solo_gpt-5.6-sol.nocurf,True,False,solo_has_no_compatible_fixed_team_for_task,[],modelbench\swe_fixed_team_20260903\pilot_v15\results\sphinx-doc__sphinx-8035__solo_gpt-5.6-sol.nocurf\result.json
swe_fixed_team_20260903::pilot_v15::sphinx-doc__sphinx-8035__solo_gpt-5.6-sol.nocurf.rep2,swe_fixed_team_20260903,pilot_v15,sphinx-doc__sphinx-8035__solo_gpt-5.6-sol.nocurf.rep2,sphinx-doc__sphinx-8035,solo_gpt-5.6-sol.nocurf,True,False,solo_has_no_compatible_fixed_team_for_task,[],modelbench\swe_fixed_team_20260903\pilot_v15\results\sphinx-doc__sphinx-8035__solo_gpt-5.6-sol.nocurf.rep2\result.json
swe_fixed_team_20260903::pilot_v15::sphinx-doc__sphinx-8035__solo_gpt-5.6-sol.rep2,swe_fixed_team_20260903,pilot_v15,sphinx-doc__sphinx-8035__solo_gpt-5.6-sol.rep2,sphinx-doc__sphinx-8035,solo_gpt-5.6-sol,True,False,solo_has_no_compatible_fixed_team_for_task,[],modelbench\swe_fixed_team_20260903\pilot_v15\results\sphinx-doc__sphinx-8035__solo_gpt-5.6-sol.rep2\result.json
swe_fixed_team_20260903::pilot_v15::sphinx-doc__sphinx-8035__solo_gpt-5.6-sol.rep3,swe_fixed_team_20260903,pilot_v15,sphinx-doc__sphinx-8035__solo_gpt-5.6-sol.rep3,sphinx-doc__sphinx-8035,solo_gpt-5.6-sol,True,False,solo_has_no_compatible_fixed_team_for_task,[],modelbench\swe_fixed_team_20260903\pilot_v15\results\sphinx-doc__sphinx-8035__solo_gpt-5.6-sol.rep3\result.json
swe_fixed_team_20260903::pilot_v15::sympy__sympy-16792__solo_gpt-5.6-sol,swe_fixed_team_20260903,pilot_v15,sympy__sympy-16792__solo_gpt-5.6-sol,sympy__sympy-16792,solo_gpt-5.6-sol,True,False,solo_has_no_compatible_fixed_team_for_task,[],modelbench\swe_fixed_team_20260903\pilot_v15\results\sympy__sympy-16792__solo_gpt-5.6-sol\result.json
swe_fixed_team_20260903::pilot_v15b::pydata__xarray-7229__solo_gpt-5.6-sol.b900,swe_fixed_team_20260903,pilot_v15b,pydata__xarray-7229__solo_gpt-5.6-sol.b900,pydata__xarray-7229,solo_gpt-5.6-sol.b900,True,False,solo_has_no_compatible_fixed_team_for_task,[],modelbench\swe_fixed_team_20260903\pilot_v15b\results\pydata__xarray-7229__solo_gpt-5.6-sol.b900\result.json
swe_fixed_team_20260903::pilot_v15b::pydata__xarray-7229__solo_gpt-5.6-sol.b900.rep2,swe_fixed_team_20260903,pilot_v15b,pydata__xarray-7229__solo_gpt-5.6-sol.b900.rep2,pydata__xarray-7229,solo_gpt-5.6-sol.b900,True,False,solo_has_no_compatible_fixed_team_for_task,[],modelbench\swe_fixed_team_20260903\pilot_v15b\results\pydata__xarray-7229__solo_gpt-5.6-sol.b900.rep2\result.json
swe_fixed_team_20260903::pilot_v15b::sphinx-doc__sphinx-8035__solo_gpt-5.6-sol.b900,swe_fixed_team_20260903,pilot_v15b,sphinx-doc__sphinx-8035__solo_gpt-5.6-sol.b900,sphinx-doc__sphinx-8035,solo_gpt-5.6-sol.b900,True,False,solo_has_no_compatible_fixed_team_for_task,[],modelbench\swe_fixed_team_20260903\pilot_v15b\results\sphinx-doc__sphinx-8035__solo_gpt-5.6-sol.b900\result.json
swe_fixed_team_20260903::pilot_v15b::sphinx-doc__sphinx-8035__solo_gpt-5.6-sol.b900.rep2,swe_fixed_team_20260903,pilot_v15b,sphinx-doc__sphinx-8035__solo_gpt-5.6-sol.b900.rep2,sphinx-doc__sphinx-8035,solo_gpt-5.6-sol.b900,True,False,solo_has_no_compatible_fixed_team_for_task,[],modelbench\swe_fixed_team_20260903\pilot_v15b\results\sphinx-doc__sphinx-8035__solo_gpt-5.6-sol.b900.rep2\result.json
swe_fixed_team_20260903::pilot_v16::mwaskom__seaborn-3069__hetero_gpt-5.6-terra__glm-5.3,swe_fixed_team_20260903,pilot_v16,mwaskom__seaborn-3069__hetero_gpt-5.6-terra__glm-5.3,mwaskom__seaborn-3069,hetero_gpt-5.6-terra__glm-5.3,True,False,no_solo_with_same_task_runtime_transport_and_budget,[],modelbench\swe_fixed_team_20260903\pilot_v16\results\mwaskom__seaborn-3069__hetero_gpt-5.6-terra__glm-5.3\result.json
swe_fixed_team_20260903::pilot_v16::mwaskom__seaborn-3069__hetero_gpt-5.6-terra__glm-5.3.rep2,swe_fixed_team_20260903,pilot_v16,mwaskom__seaborn-3069__hetero_gpt-5.6-terra__glm-5.3.rep2,mwaskom__seaborn-3069,hetero_gpt-5.6-terra__glm-5.3,True,False,no_solo_with_same_task_runtime_transport_and_budget,[],modelbench\swe_fixed_team_20260903\pilot_v16\results\mwaskom__seaborn-3069__hetero_gpt-5.6-terra__glm-5.3.rep2\result.json
swe_fixed_team_20260903::pilot_v16::mwaskom__seaborn-3069__heterooff_gpt-5.6-terra__glm-5.3,swe_fixed_team_20260903,pilot_v16,mwaskom__seaborn-3069__heterooff_gpt-5.6-terra__glm-5.3,mwaskom__seaborn-3069,heterooff_gpt-5.6-terra__glm-5.3,True,False,no_solo_with_same_task_runtime_transport_and_budget,[],modelbench\swe_fixed_team_20260903\pilot_v16\results\mwaskom__seaborn-3069__heterooff_gpt-5.6-terra__glm-5.3\result.json
swe_fixed_team_20260903::pilot_v16::mwaskom__seaborn-3069__heterooff_gpt-5.6-terra__glm-5.3.rep2,swe_fixed_team_20260903,pilot_v16,mwaskom__seaborn-3069__heterooff_gpt-5.6-terra__glm-5.3.rep2,mwaskom__seaborn-3069,heterooff_gpt-5.6-terra__glm-5.3,True,False,no_solo_with_same_task_runtime_transport_and_budget,[],modelbench\swe_fixed_team_20260903\pilot_v16\results\mwaskom__seaborn-3069__heterooff_gpt-5.6-terra__glm-5.3.rep2\result.json
swe_fixed_team_20260903::pilot_v16::pydata__xarray-7229__hetero_gpt-5.6-terra__glm-5.3,swe_fixed_team_20260903,pilot_v16,pydata__xarray-7229__hetero_gpt-5.6-terra__glm-5.3,pydata__xarray-7229,hetero_gpt-5.6-terra__glm-5.3,True,False,no_solo_with_same_task_runtime_transport_and_budget,[],modelbench\swe_fixed_team_20260903\pilot_v16\results\pydata__xarray-7229__hetero_gpt-5.6-terra__glm-5.3\result.json
swe_fixed_team_20260903::pilot_v16::pydata__xarray-7229__hetero_gpt-5.6-terra__glm-5.3.rep2,swe_fixed_team_20260903,pilot_v16,pydata__xarray-7229__hetero_gpt-5.6-terra__glm-5.3.rep2,pydata__xarray-7229,hetero_gpt-5.6-terra__glm-5.3,True,False,no_solo_with_same_task_runtime_transport_and_budget,[],modelbench\swe_fixed_team_20260903\pilot_v16\results\pydata__xarray-7229__hetero_gpt-5.6-terra__glm-5.3.rep2\result.json
swe_fixed_team_20260903::pilot_v16::pydata__xarray-7229__heterooff_gpt-5.6-terra__glm-5.3,swe_fixed_team_20260903,pilot_v16,pydata__xarray-7229__heterooff_gpt-5.6-terra__glm-5.3,pydata__xarray-7229,heterooff_gpt-5.6-terra__glm-5.3,True,False,no_solo_with_same_task_runtime_transport_and_budget,[],modelbench\swe_fixed_team_20260903\pilot_v16\results\pydata__xarray-7229__heterooff_gpt-5.6-terra__glm-5.3\result.json
swe_fixed_team_20260903::pilot_v16::pydata__xarray-7229__heterooff_gpt-5.6-terra__glm-5.3.rep2,swe_fixed_team_20260903,pilot_v16,pydata__xarray-7229__heterooff_gpt-5.6-terra__glm-5.3.rep2,pydata__xarray-7229,heterooff_gpt-5.6-terra__glm-5.3,True,False,no_solo_with_same_task_runtime_transport_and_budget,[],modelbench\swe_fixed_team_20260903\pilot_v16\results\pydata__xarray-7229__heterooff_gpt-5.6-terra__glm-5.3.rep2\result.json
swe_fixed_team_20260903::pilot_v16::sphinx-doc__sphinx-8035__heterooff_gpt-5.6-terra__glm-5.3,swe_fixed_team_20260903,pilot_v16,sphinx-doc__sphinx-8035__heterooff_gpt-5.6-terra__glm-5.3,sphinx-doc__sphinx-8035,heterooff_gpt-5.6-terra__glm-5.3,True,False,no_solo_with_same_task_runtime_transport_and_budget,[],modelbench\swe_fixed_team_20260903\pilot_v16\results\sphinx-doc__sphinx-8035__heterooff_gpt-5.6-terra__glm-5.3\result.json
swe_fixed_team_20260903::pilot_v16::sphinx-doc__sphinx-8035__heterooff_gpt-5.6-terra__glm-5.3.rep2,swe_fixed_team_20260903,pilot_v16,sphinx-doc__sphinx-8035__heterooff_gpt-5.6-terra__glm-5.3.rep2,sphinx-doc__sphinx-8035,heterooff_gpt-5.6-terra__glm-5.3,True,False,no_solo_with_same_task_runtime_transport_and_budget,[],modelbench\swe_fixed_team_20260903\pilot_v16\results\sphinx-doc__sphinx-8035__heterooff_gpt-5.6-terra__glm-5.3.rep2\result.json
swe_fixed_team_20260903::pilot_v2::matplotlib__matplotlib-25122__fixed_glm-5.3,swe_fixed_team_20260903,pilot_v2,matplotlib__matplotlib-25122__fixed_glm-5.3,matplotlib__matplotlib-25122,fixed_glm-5.3,True,True,included_compatible_same_task_pair,"[""cmp-88d91df3981bcbf9""]",modelbench\swe_fixed_team_20260903\pilot_v2\results\matplotlib__matplotlib-25122__fixed_glm-5.3\result.json
swe_fixed_team_20260903::pilot_v2::matplotlib__matplotlib-25122__fixed_glm-5.3-flash,swe_fixed_team_20260903,pilot_v2,matplotlib__matplotlib-25122__fixed_glm-5.3-flash,matplotlib__matplotlib-25122,fixed_glm-5.3-flash,True,True,included_compatible_same_task_pair,"[""cmp-6fce94290ef7b634""]",modelbench\swe_fixed_team_20260903\pilot_v2\results\matplotlib__matplotlib-25122__fixed_glm-5.3-flash\result.json
swe_fixed_team_20260903::pilot_v2::matplotlib__matplotlib-25122__fixed_gpt-5.6-luna,swe_fixed_team_20260903,pilot_v2,matplotlib__matplotlib-25122__fixed_gpt-5.6-luna,matplotlib__matplotlib-25122,fixed_gpt-5.6-luna,True,True,included_compatible_same_task_pair,"[""cmp-efeb5a97cca8382c""]",modelbench\swe_fixed_team_20260903\pilot_v2\results\matplotlib__matplotlib-25122__fixed_gpt-5.6-luna\result.json
swe_fixed_team_20260903::pilot_v2::matplotlib__matplotlib-25122__fixed_gpt-5.6-sol,swe_fixed_team_20260903,pilot_v2,matplotlib__matplotlib-25122__fixed_gpt-5.6-sol,matplotlib__matplotlib-25122,fixed_gpt-5.6-sol,True,True,included_compatible_same_task_pair,"[""cmp-5f9eaef62e733374""]",modelbench\swe_fixed_team_20260903\pilot_v2\results\matplotlib__matplotlib-25122__fixed_gpt-5.6-sol\result.json
swe_fixed_team_20260903::pilot_v2::matplotlib__matplotlib-25122__fixed_gpt-5.6-terra,swe_fixed_team_20260903,pilot_v2,matplotlib__matplotlib-25122__fixed_gpt-5.6-terra,matplotlib__matplotlib-25122,fixed_gpt-5.6-terra,True,True,included_compatible_same_task_pair,"[""cmp-c4f43b24c57cb9bf""]",modelbench\swe_fixed_team_20260903\pilot_v2\results\matplotlib__matplotlib-25122__fixed_gpt-5.6-terra\result.json
swe_fixed_team_20260903::pilot_v2::matplotlib__matplotlib-25122__solo,swe_fixed_team_20260903,pilot_v2,matplotlib__matplotlib-25122__solo,matplotlib__matplotlib-25122,solo,True,True,included_compatible_same_task_pair,"[""cmp-88d91df3981bcbf9"",""cmp-6fce94290ef7b634"",""cmp-efeb5a97cca8382c"",""cmp-5f9eaef62e733374"",""cmp-c4f43b24c57cb9bf""]",modelbench\swe_fixed_team_20260903\pilot_v2\results\matplotlib__matplotlib-25122__solo\result.json
swe_fixed_team_20260903::pilot_v2::sphinx-doc__sphinx-8035__fixed_gpt-5.6-luna,swe_fixed_team_20260903,pilot_v2,sphinx-doc__sphinx-8035__fixed_gpt-5.6-luna,sphinx-doc__sphinx-8035,fixed_gpt-5.6-luna,False,False,not_qualified_official_SWE_episode,[],modelbench\swe_fixed_team_20260903\pilot_v2\results\sphinx-doc__sphinx-8035__fixed_gpt-5.6-luna\result.json
swe_fixed_team_20260903::pilot_v2::sphinx-doc__sphinx-8035__fixed_gpt-5.6-terra,swe_fixed_team_20260903,pilot_v2,sphinx-doc__sphinx-8035__fixed_gpt-5.6-terra,sphinx-doc__sphinx-8035,fixed_gpt-5.6-terra,False,False,not_qualified_official_SWE_episode,[],modelbench\swe_fixed_team_20260903\pilot_v2\results\sphinx-doc__sphinx-8035__fixed_gpt-5.6-terra\result.json
swe_fixed_team_20260903::pilot_v3::sphinx-doc__sphinx-8035__fixed_glm-5.3,swe_fixed_team_20260903,pilot_v3,sphinx-doc__sphinx-8035__fixed_glm-5.3,sphinx-doc__sphinx-8035,fixed_glm-5.3,True,True,included_compatible_same_task_pair,"[""cmp-02f11ec752c6485a""]",modelbench\swe_fixed_team_20260903\pilot_v3\results\sphinx-doc__sphinx-8035__fixed_glm-5.3\result.json
swe_fixed_team_20260903::pilot_v3::sphinx-doc__sphinx-8035__fixed_glm-5.3-flash,swe_fixed_team_20260903,pilot_v3,sphinx-doc__sphinx-8035__fixed_glm-5.3-flash,sphinx-doc__sphinx-8035,fixed_glm-5.3-flash,True,True,included_compatible_same_task_pair,"[""cmp-fa80c399f08e4ddf""]",modelbench\swe_fixed_team_20260903\pilot_v3\results\sphinx-doc__sphinx-8035__fixed_glm-5.3-flash\result.json
swe_fixed_team_20260903::pilot_v3::sphinx-doc__sphinx-8035__fixed_gpt-5.6-luna,swe_fixed_team_20260903,pilot_v3,sphinx-doc__sphinx-8035__fixed_gpt-5.6-luna,sphinx-doc__sphinx-8035,fixed_gpt-5.6-luna,True,True,included_compatible_same_task_pair,"[""cmp-b6ee8cda35053c2c""]",modelbench\swe_fixed_team_20260903\pilot_v3\results\sphinx-doc__sphinx-8035__fixed_gpt-5.6-luna\result.json
swe_fixed_team_20260903::pilot_v3::sphinx-doc__sphinx-8035__fixed_gpt-5.6-sol,swe_fixed_team_20260903,pilot_v3,sphinx-doc__sphinx-8035__fixed_gpt-5.6-sol,sphinx-doc__sphinx-8035,fixed_gpt-5.6-sol,True,True,included_compatible_same_task_pair,"[""cmp-e9d8d03bf0888e1b""]",modelbench\swe_fixed_team_20260903\pilot_v3\results\sphinx-doc__sphinx-8035__fixed_gpt-5.6-sol\result.json
swe_fixed_team_20260903::pilot_v3::sphinx-doc__sphinx-8035__fixed_gpt-5.6-terra,swe_fixed_team_20260903,pilot_v3,sphinx-doc__sphinx-8035__fixed_gpt-5.6-terra,sphinx-doc__sphinx-8035,fixed_gpt-5.6-terra,True,True,included_compatible_same_task_pair,"[""cmp-22a605f9d5c2421a""]",modelbench\swe_fixed_team_20260903\pilot_v3\results\sphinx-doc__sphinx-8035__fixed_gpt-5.6-terra\result.json
swe_fixed_team_20260903::pilot_v3::sphinx-doc__sphinx-8035__solo,swe_fixed_team_20260903,pilot_v3,sphinx-doc__sphinx-8035__solo,sphinx-doc__sphinx-8035,solo,True,True,included_compatible_same_task_pair,"[""cmp-02f11ec752c6485a"",""cmp-fa80c399f08e4ddf"",""cmp-b6ee8cda35053c2c"",""cmp-e9d8d03bf0888e1b"",""cmp-22a605f9d5c2421a""]",modelbench\swe_fixed_team_20260903\pilot_v3\results\sphinx-doc__sphinx-8035__solo\result.json
swe_fixed_team_20260903::pilot_v4::sphinx-doc__sphinx-8035__fixed_gpt-5.6-sol,swe_fixed_team_20260903,pilot_v4,sphinx-doc__sphinx-8035__fixed_gpt-5.6-sol,sphinx-doc__sphinx-8035,fixed_gpt-5.6-sol,True,True,included_compatible_same_task_pair,"[""cmp-067e44e4e3637964""]",modelbench\swe_fixed_team_20260903\pilot_v4\results\sphinx-doc__sphinx-8035__fixed_gpt-5.6-sol\result.json
swe_fixed_team_20260903::pilot_v4::sphinx-doc__sphinx-8035__solo,swe_fixed_team_20260903,pilot_v4,sphinx-doc__sphinx-8035__solo,sphinx-doc__sphinx-8035,solo,True,True,included_compatible_same_task_pair,"[""cmp-067e44e4e3637964""]",modelbench\swe_fixed_team_20260903\pilot_v4\results\sphinx-doc__sphinx-8035__solo\result.json
swe_fixed_team_20260903::pilot_v5::sphinx-doc__sphinx-8035__fixed_glm-5.3,swe_fixed_team_20260903,pilot_v5,sphinx-doc__sphinx-8035__fixed_glm-5.3,sphinx-doc__sphinx-8035,fixed_glm-5.3,True,False,no_solo_with_same_task_runtime_transport_and_budget,[],modelbench\swe_fixed_team_20260903\pilot_v5\results\sphinx-doc__sphinx-8035__fixed_glm-5.3\result.json
swe_fixed_team_20260903::pilot_v5::sphinx-doc__sphinx-8035__fixed_glm-5.3-flash,swe_fixed_team_20260903,pilot_v5,sphinx-doc__sphinx-8035__fixed_glm-5.3-flash,sphinx-doc__sphinx-8035,fixed_glm-5.3-flash,True,False,no_solo_with_same_task_runtime_transport_and_budget,[],modelbench\swe_fixed_team_20260903\pilot_v5\results\sphinx-doc__sphinx-8035__fixed_glm-5.3-flash\result.json
swe_fixed_team_20260903::pilot_v6::sphinx-doc__sphinx-8035__fixed_glm-5.3,swe_fixed_team_20260903,pilot_v6,sphinx-doc__sphinx-8035__fixed_glm-5.3,sphinx-doc__sphinx-8035,fixed_glm-5.3,True,True,included_compatible_same_task_pair,"[""cmp-3146702d38260318""]",modelbench\swe_fixed_team_20260903\pilot_v6\results\sphinx-doc__sphinx-8035__fixed_glm-5.3\result.json
swe_fixed_team_20260903::pilot_v6::sphinx-doc__sphinx-8035__fixed_gpt-5.6-luna,swe_fixed_team_20260903,pilot_v6,sphinx-doc__sphinx-8035__fixed_gpt-5.6-luna,sphinx-doc__sphinx-8035,fixed_gpt-5.6-luna,True,True,included_compatible_same_task_pair,"[""cmp-c73d7587d7726bff""]",modelbench\swe_fixed_team_20260903\pilot_v6\results\sphinx-doc__sphinx-8035__fixed_gpt-5.6-luna\result.json
swe_fixed_team_20260903::pilot_v6::sphinx-doc__sphinx-8035__solo,swe_fixed_team_20260903,pilot_v6,sphinx-doc__sphinx-8035__solo,sphinx-doc__sphinx-8035,solo,True,True,included_compatible_same_task_pair,"[""cmp-3146702d38260318"",""cmp-4a3bc2527b43faa5"",""cmp-c73d7587d7726bff""]",modelbench\swe_fixed_team_20260903\pilot_v6\results\sphinx-doc__sphinx-8035__solo\result.json
swe_fixed_team_20260903::pilot_v7::sphinx-doc__sphinx-8035__fixed_glm-5.3-flash,swe_fixed_team_20260903,pilot_v7,sphinx-doc__sphinx-8035__fixed_glm-5.3-flash,sphinx-doc__sphinx-8035,fixed_glm-5.3-flash,True,True,included_compatible_same_task_pair,"[""cmp-4a3bc2527b43faa5""]",modelbench\swe_fixed_team_20260903\pilot_v7\results\sphinx-doc__sphinx-8035__fixed_glm-5.3-flash\result.json
swe_fixed_team_20260903::pilot_v8::sphinx-doc__sphinx-8035__fixed_glm-5.3,swe_fixed_team_20260903,pilot_v8,sphinx-doc__sphinx-8035__fixed_glm-5.3,sphinx-doc__sphinx-8035,fixed_glm-5.3,True,True,included_compatible_same_task_pair,"[""cmp-feae8deffb544b44"",""cmp-4bb838627300e862"",""cmp-c83da5d8ea51ecbd"",""cmp-74c7f191e6959142"",""cmp-68ba589adc66da00""]",modelbench\swe_fixed_team_20260903\pilot_v8\results\sphinx-doc__sphinx-8035__fixed_glm-5.3\result.json
swe_fixed_team_20260903::pilot_v8::sphinx-doc__sphinx-8035__fixed_glm-5.3-flash,swe_fixed_team_20260903,pilot_v8,sphinx-doc__sphinx-8035__fixed_glm-5.3-flash,sphinx-doc__sphinx-8035,fixed_glm-5.3-flash,True,True,included_compatible_same_task_pair,"[""cmp-59d11943e8abaee1"",""cmp-a9a66e71bfabadcb"",""cmp-cbdabca4fae3f556"",""cmp-218f291cb8694567"",""cmp-ff8ea0ba0f674e17""]",modelbench\swe_fixed_team_20260903\pilot_v8\results\sphinx-doc__sphinx-8035__fixed_glm-5.3-flash\result.json
swe_fixed_team_20260903::pilot_v8::sphinx-doc__sphinx-8035__fixed_gpt-5.6-luna,swe_fixed_team_20260903,pilot_v8,sphinx-doc__sphinx-8035__fixed_gpt-5.6-luna,sphinx-doc__sphinx-8035,fixed_gpt-5.6-luna,True,True,included_compatible_same_task_pair,"[""cmp-dc96eb4140a643c7"",""cmp-44c55803a116e393"",""cmp-41f534a7d26c19f3"",""cmp-bdad938cdf7eff63"",""cmp-47f25b44bd730d36""]",modelbench\swe_fixed_team_20260903\pilot_v8\results\sphinx-doc__sphinx-8035__fixed_gpt-5.6-luna\result.json
swe_fixed_team_20260903::pilot_v8::sphinx-doc__sphinx-8035__fixed_gpt-5.6-sol,swe_fixed_team_20260903,pilot_v8,sphinx-doc__sphinx-8035__fixed_gpt-5.6-sol,sphinx-doc__sphinx-8035,fixed_gpt-5.6-sol,True,True,included_compatible_same_task_pair,"[""cmp-27d6f9b750f32328"",""cmp-15921bc25ea5672c"",""cmp-517af709fe301c3c"",""cmp-b83ab7352c48f4c6"",""cmp-2dd2fc7361c7d797""]",modelbench\swe_fixed_team_20260903\pilot_v8\results\sphinx-doc__sphinx-8035__fixed_gpt-5.6-sol\result.json
swe_fixed_team_20260903::pilot_v8::sphinx-doc__sphinx-8035__fixed_gpt-5.6-terra,swe_fixed_team_20260903,pilot_v8,sphinx-doc__sphinx-8035__fixed_gpt-5.6-terra,sphinx-doc__sphinx-8035,fixed_gpt-5.6-terra,True,True,included_compatible_same_task_pair,"[""cmp-6ddc0b5409ebf15a"",""cmp-6a22b23606c19b16"",""cmp-f89aec07830efedd"",""cmp-fac93cb512379e12"",""cmp-c2ca21bf14b798e6""]",modelbench\swe_fixed_team_20260903\pilot_v8\results\sphinx-doc__sphinx-8035__fixed_gpt-5.6-terra\result.json
swe_fixed_team_20260903::pilot_v8::sphinx-doc__sphinx-8035__hetero_glm-5.3__gpt-5.6-luna,swe_fixed_team_20260903,pilot_v8,sphinx-doc__sphinx-8035__hetero_glm-5.3__gpt-5.6-luna,sphinx-doc__sphinx-8035,hetero_glm-5.3__gpt-5.6-luna,True,True,included_compatible_same_task_pair,"[""cmp-8450de40d016741a"",""cmp-75696de2e9054a85"",""cmp-65bcbd724cf903a1"",""cmp-a134a6585d192d04"",""cmp-15bfc584597e14a9""]",modelbench\swe_fixed_team_20260903\pilot_v8\results\sphinx-doc__sphinx-8035__hetero_glm-5.3__gpt-5.6-luna\result.json
swe_fixed_team_20260903::pilot_v8::sphinx-doc__sphinx-8035__hetero_glm-5.3__gpt-5.6-sol,swe_fixed_team_20260903,pilot_v8,sphinx-doc__sphinx-8035__hetero_glm-5.3__gpt-5.6-sol,sphinx-doc__sphinx-8035,hetero_glm-5.3__gpt-5.6-sol,True,True,included_compatible_same_task_pair,"[""cmp-4eb667b59248487c"",""cmp-bf632021ed7960e8"",""cmp-f3b7f6f2a20e10b8"",""cmp-009d9e3f9f51c9d4"",""cmp-3c706cb8d22b5fe2""]",modelbench\swe_fixed_team_20260903\pilot_v8\results\sphinx-doc__sphinx-8035__hetero_glm-5.3__gpt-5.6-sol\result.json
swe_fixed_team_20260903::pilot_v8::sphinx-doc__sphinx-8035__hetero_gpt-5.6-sol__glm-5.3,swe_fixed_team_20260903,pilot_v8,sphinx-doc__sphinx-8035__hetero_gpt-5.6-sol__glm-5.3,sphinx-doc__sphinx-8035,hetero_gpt-5.6-sol__glm-5.3,True,True,included_compatible_same_task_pair,"[""cmp-ce38a35e5979706f"",""cmp-73440a9df01feff3"",""cmp-ae0ea19a1fe91ce4"",""cmp-82b1d2459d72deb9"",""cmp-bef961b2caaf8ac8""]",modelbench\swe_fixed_team_20260903\pilot_v8\results\sphinx-doc__sphinx-8035__hetero_gpt-5.6-sol__glm-5.3\result.json
swe_fixed_team_20260903::pilot_v8::sphinx-doc__sphinx-8035__hetero_gpt-5.6-terra__glm-5.3,swe_fixed_team_20260903,pilot_v8,sphinx-doc__sphinx-8035__hetero_gpt-5.6-terra__glm-5.3,sphinx-doc__sphinx-8035,hetero_gpt-5.6-terra__glm-5.3,True,True,included_compatible_same_task_pair,"[""cmp-cacdc1ce7e517cd9"",""cmp-6888f62d92ec537f"",""cmp-8f13d2904a8a0b44"",""cmp-753e3a53ef62f4d4"",""cmp-97d994983c22c53e""]",modelbench\swe_fixed_team_20260903\pilot_v8\results\sphinx-doc__sphinx-8035__hetero_gpt-5.6-terra__glm-5.3\result.json
swe_fixed_team_20260903::pilot_v8::sphinx-doc__sphinx-8035__hetero_gpt-5.6-terra__glm-5.3-flash,swe_fixed_team_20260903,pilot_v8,sphinx-doc__sphinx-8035__hetero_gpt-5.6-terra__glm-5.3-flash,sphinx-doc__sphinx-8035,hetero_gpt-5.6-terra__glm-5.3-flash,True,True,included_compatible_same_task_pair,"[""cmp-3bdf7ccda4ea0c26"",""cmp-9bd387059829215e"",""cmp-3ca0d31ab1e07e2a"",""cmp-3325cc0245199381"",""cmp-080e3c2f11c8fe8f""]",modelbench\swe_fixed_team_20260903\pilot_v8\results\sphinx-doc__sphinx-8035__hetero_gpt-5.6-terra__glm-5.3-flash\result.json
swe_fixed_team_20260903::pilot_v8::sphinx-doc__sphinx-8035__hetero_gpt-5.6-terra__gpt-5.6-luna,swe_fixed_team_20260903,pilot_v8,sphinx-doc__sphinx-8035__hetero_gpt-5.6-terra__gpt-5.6-luna,sphinx-doc__sphinx-8035,hetero_gpt-5.6-terra__gpt-5.6-luna,True,True,included_compatible_same_task_pair,"[""cmp-eb5a477af58dca1b"",""cmp-624323cb70332de6"",""cmp-6786f52fa6cfd4e6"",""cmp-bf82d59c431f3fec"",""cmp-7cdf32b507ab8664""]",modelbench\swe_fixed_team_20260903\pilot_v8\results\sphinx-doc__sphinx-8035__hetero_gpt-5.6-terra__gpt-5.6-luna\result.json
swe_fixed_team_20260903::pilot_v8::sphinx-doc__sphinx-8035__solo_glm-5.3,swe_fixed_team_20260903,pilot_v8,sphinx-doc__sphinx-8035__solo_glm-5.3,sphinx-doc__sphinx-8035,solo_glm-5.3,True,True,included_compatible_same_task_pair,"[""cmp-feae8deffb544b44"",""cmp-59d11943e8abaee1"",""cmp-dc96eb4140a643c7"",""cmp-27d6f9b750f32328"",""cmp-6ddc0b5409ebf15a"",""cmp-8450de40d016741a"",""cmp-4eb667b59248487c"",""cmp-ce38a35e5979706f"",""cmp-cacdc1ce7e517cd9"",""cmp-3bdf7ccda4ea0c26"",""cmp-eb5a477af58dca1b""]",modelbench\swe_fixed_team_20260903\pilot_v8\results\sphinx-doc__sphinx-8035__solo_glm-5.3\result.json
swe_fixed_team_20260903::pilot_v8::sphinx-doc__sphinx-8035__solo_glm-5.3-flash,swe_fixed_team_20260903,pilot_v8,sphinx-doc__sphinx-8035__solo_glm-5.3-flash,sphinx-doc__sphinx-8035,solo_glm-5.3-flash,True,True,included_compatible_same_task_pair,"[""cmp-4bb838627300e862"",""cmp-a9a66e71bfabadcb"",""cmp-44c55803a116e393"",""cmp-15921bc25ea5672c"",""cmp-6a22b23606c19b16"",""cmp-75696de2e9054a85"",""cmp-bf632021ed7960e8"",""cmp-73440a9df01feff3"",""cmp-6888f62d92ec537f"",""cmp-9bd387059829215e"",""cmp-624323cb70332de6""]",modelbench\swe_fixed_team_20260903\pilot_v8\results\sphinx-doc__sphinx-8035__solo_glm-5.3-flash\result.json
swe_fixed_team_20260903::pilot_v8::sphinx-doc__sphinx-8035__solo_gpt-5.6-luna,swe_fixed_team_20260903,pilot_v8,sphinx-doc__sphinx-8035__solo_gpt-5.6-luna,sphinx-doc__sphinx-8035,solo_gpt-5.6-luna,True,True,included_compatible_same_task_pair,"[""cmp-c83da5d8ea51ecbd"",""cmp-cbdabca4fae3f556"",""cmp-41f534a7d26c19f3"",""cmp-517af709fe301c3c"",""cmp-f89aec07830efedd"",""cmp-65bcbd724cf903a1"",""cmp-f3b7f6f2a20e10b8"",""cmp-ae0ea19a1fe91ce4"",""cmp-8f13d2904a8a0b44"",""cmp-3ca0d31ab1e07e2a"",""cmp-6786f52fa6cfd4e6""]",modelbench\swe_fixed_team_20260903\pilot_v8\results\sphinx-doc__sphinx-8035__solo_gpt-5.6-luna\result.json
swe_fixed_team_20260903::pilot_v8::sphinx-doc__sphinx-8035__solo_gpt-5.6-sol,swe_fixed_team_20260903,pilot_v8,sphinx-doc__sphinx-8035__solo_gpt-5.6-sol,sphinx-doc__sphinx-8035,solo_gpt-5.6-sol,True,True,included_compatible_same_task_pair,"[""cmp-74c7f191e6959142"",""cmp-218f291cb8694567"",""cmp-bdad938cdf7eff63"",""cmp-b83ab7352c48f4c6"",""cmp-fac93cb512379e12"",""cmp-a134a6585d192d04"",""cmp-009d9e3f9f51c9d4"",""cmp-82b1d2459d72deb9"",""cmp-753e3a53ef62f4d4"",""cmp-3325cc0245199381"",""cmp-bf82d59c431f3fec""]",modelbench\swe_fixed_team_20260903\pilot_v8\results\sphinx-doc__sphinx-8035__solo_gpt-5.6-sol\result.json
swe_fixed_team_20260903::pilot_v8::sphinx-doc__sphinx-8035__solo_gpt-5.6-terra,swe_fixed_team_20260903,pilot_v8,sphinx-doc__sphinx-8035__solo_gpt-5.6-terra,sphinx-doc__sphinx-8035,solo_gpt-5.6-terra,True,True,included_compatible_same_task_pair,"[""cmp-68ba589adc66da00"",""cmp-ff8ea0ba0f674e17"",""cmp-47f25b44bd730d36"",""cmp-2dd2fc7361c7d797"",""cmp-c2ca21bf14b798e6"",""cmp-15bfc584597e14a9"",""cmp-3c706cb8d22b5fe2"",""cmp-bef961b2caaf8ac8"",""cmp-97d994983c22c53e"",""cmp-080e3c2f11c8fe8f"",""cmp-7cdf32b507ab8664""]",modelbench\swe_fixed_team_20260903\pilot_v8\results\sphinx-doc__sphinx-8035__solo_gpt-5.6-terra\result.json
swe_fixed_team_20260903::pilot_v9::sphinx-doc__sphinx-8035__fixed_deepseek-v4-flash,swe_fixed_team_20260903,pilot_v9,sphinx-doc__sphinx-8035__fixed_deepseek-v4-flash,sphinx-doc__sphinx-8035,fixed_deepseek-v4-flash,True,True,included_compatible_same_task_pair,"[""cmp-00d38e30acdb8728""]",modelbench\swe_fixed_team_20260903\pilot_v9\results\sphinx-doc__sphinx-8035__fixed_deepseek-v4-flash\result.json
swe_fixed_team_20260903::pilot_v9::sphinx-doc__sphinx-8035__hetero_gpt-5.6-terra__deepseek-v4-flash,swe_fixed_team_20260903,pilot_v9,sphinx-doc__sphinx-8035__hetero_gpt-5.6-terra__deepseek-v4-flash,sphinx-doc__sphinx-8035,hetero_gpt-5.6-terra__deepseek-v4-flash,True,True,included_compatible_same_task_pair,"[""cmp-45572db18fff4538""]",modelbench\swe_fixed_team_20260903\pilot_v9\results\sphinx-doc__sphinx-8035__hetero_gpt-5.6-terra__deepseek-v4-flash\result.json
swe_fixed_team_20260903::pilot_v9::sphinx-doc__sphinx-8035__solo_deepseek-v4-flash,swe_fixed_team_20260903,pilot_v9,sphinx-doc__sphinx-8035__solo_deepseek-v4-flash,sphinx-doc__sphinx-8035,solo_deepseek-v4-flash,True,True,included_compatible_same_task_pair,"[""cmp-00d38e30acdb8728"",""cmp-45572db18fff4538""]",modelbench\swe_fixed_team_20260903\pilot_v9\results\sphinx-doc__sphinx-8035__solo_deepseek-v4-flash\result.json
swe_verified_20260903::pilot_v1::pallets__flask-5014__dpswarm,swe_verified_20260903,pilot_v1,pallets__flask-5014__dpswarm,pallets__flask-5014,dpswarm,False,False,not_qualified_official_SWE_episode,[],modelbench\swe_verified_20260903\pilot_v1\results\pallets__flask-5014__dpswarm\result.json
swe_verified_20260903::pilot_v1::pallets__flask-5014__solo,swe_verified_20260903,pilot_v1,pallets__flask-5014__solo,pallets__flask-5014,solo,False,False,not_qualified_official_SWE_episode,[],modelbench\swe_verified_20260903\pilot_v1\results\pallets__flask-5014__solo\result.json
swe_verified_20260903::pilot_v2::astropy__astropy-14995__dpswarm,swe_verified_20260903,pilot_v2,astropy__astropy-14995__dpswarm,astropy__astropy-14995,dpswarm,True,False,nominal_dpswarm_has_zero_executed_workers_and_delegations,[],modelbench\swe_verified_20260903\pilot_v2\results\astropy__astropy-14995__dpswarm\result.json
swe_verified_20260903::pilot_v2::astropy__astropy-14995__solo,swe_verified_20260903,pilot_v2,astropy__astropy-14995__solo,astropy__astropy-14995,solo,True,False,solo_control_has_no_executed_fixed_team,[],modelbench\swe_verified_20260903\pilot_v2\results\astropy__astropy-14995__solo\result.json
swe_verified_20260903::pilot_v2::mwaskom__seaborn-3069__dpswarm,swe_verified_20260903,pilot_v2,mwaskom__seaborn-3069__dpswarm,mwaskom__seaborn-3069,dpswarm,True,False,nominal_dpswarm_has_zero_executed_workers_and_delegations,[],modelbench\swe_verified_20260903\pilot_v2\results\mwaskom__seaborn-3069__dpswarm\result.json
swe_verified_20260903::pilot_v2::mwaskom__seaborn-3069__solo,swe_verified_20260903,pilot_v2,mwaskom__seaborn-3069__solo,mwaskom__seaborn-3069,solo,True,False,solo_control_has_no_executed_fixed_team,[],modelbench\swe_verified_20260903\pilot_v2\results\mwaskom__seaborn-3069__solo\result.json
swe_verified_20260903::pilot_v2::pallets__flask-5014__dpswarm,swe_verified_20260903,pilot_v2,pallets__flask-5014__dpswarm,pallets__flask-5014,dpswarm,True,False,nominal_dpswarm_has_zero_executed_workers_and_delegations,[],modelbench\swe_verified_20260903\pilot_v2\results\pallets__flask-5014__dpswarm\result.json
swe_verified_20260903::pilot_v2::pallets__flask-5014__solo,swe_verified_20260903,pilot_v2,pallets__flask-5014__solo,pallets__flask-5014,solo,True,False,solo_control_has_no_executed_fixed_team,[],modelbench\swe_verified_20260903\pilot_v2\results\pallets__flask-5014__solo\result.json
swe_verified_20260903::pilot_v2::pydata__xarray-7229__dpswarm,swe_verified_20260903,pilot_v2,pydata__xarray-7229__dpswarm,pydata__xarray-7229,dpswarm,True,False,nominal_dpswarm_has_zero_executed_workers_and_delegations,[],modelbench\swe_verified_20260903\pilot_v2\results\pydata__xarray-7229__dpswarm\result.json
swe_verified_20260903::pilot_v2::pydata__xarray-7229__solo,swe_verified_20260903,pilot_v2,pydata__xarray-7229__solo,pydata__xarray-7229,solo,True,False,solo_control_has_no_executed_fixed_team,[],modelbench\swe_verified_20260903\pilot_v2\results\pydata__xarray-7229__solo\result.json
swe_verified_20260903::pilot_v2::pytest-dev__pytest-7571__dpswarm,swe_verified_20260903,pilot_v2,pytest-dev__pytest-7571__dpswarm,pytest-dev__pytest-7571,dpswarm,True,False,nominal_dpswarm_has_zero_executed_workers_and_delegations,[],modelbench\swe_verified_20260903\pilot_v2\results\pytest-dev__pytest-7571__dpswarm\result.json
swe_verified_20260903::pilot_v2::pytest-dev__pytest-7571__solo,swe_verified_20260903,pilot_v2,pytest-dev__pytest-7571__solo,pytest-dev__pytest-7571,solo,True,False,solo_control_has_no_executed_fixed_team,[],modelbench\swe_verified_20260903\pilot_v2\results\pytest-dev__pytest-7571__solo\result.json
team_eval20260903::native_followup::INT1_pipeline_repair__native_team__glm-5.3,team_eval20260903,native_followup,INT1_pipeline_repair__native_team__glm-5.3,INT1_pipeline_repair,team_native_glm,False,False,not_qualified_official_SWE_episode,[],modelbench\team_eval20260903\native_followup\results\INT1_pipeline_repair__native_team__glm-5.3\result.json
team_eval20260903::native_followup::INT1_pipeline_repair__native_team__glm-5.3-flash,team_eval20260903,native_followup,INT1_pipeline_repair__native_team__glm-5.3-flash,INT1_pipeline_repair,team_native_glm,False,False,not_qualified_official_SWE_episode,[],modelbench\team_eval20260903\native_followup\results\INT1_pipeline_repair__native_team__glm-5.3-flash\result.json
team_eval20260903::native_followup::SPEC5_config_system__native_team__glm-5.3,team_eval20260903,native_followup,SPEC5_config_system__native_team__glm-5.3,SPEC5_config_system,team_native_glm,False,False,not_qualified_official_SWE_episode,[],modelbench\team_eval20260903\native_followup\results\SPEC5_config_system__native_team__glm-5.3\result.json
team_eval20260903::native_followup::SPEC5_config_system__native_team__glm-5.3-flash,team_eval20260903,native_followup,SPEC5_config_system__native_team__glm-5.3-flash,SPEC5_config_system,team_native_glm,False,False,not_qualified_official_SWE_episode,[],modelbench\team_eval20260903\native_followup\results\SPEC5_config_system__native_team__glm-5.3-flash\result.json
team_eval20260903::main::INT1_pipeline_repair__solo__gpt-5.6-sol,team_eval20260903,main,INT1_pipeline_repair__solo__gpt-5.6-sol,INT1_pipeline_repair,solo,False,False,not_qualified_official_SWE_episode,[],modelbench\team_eval20260903\results\INT1_pipeline_repair__solo__gpt-5.6-sol\result.json
team_eval20260903::main::INT1_pipeline_repair__team__glm-5.3,team_eval20260903,main,INT1_pipeline_repair__team__glm-5.3,INT1_pipeline_repair,team,False,False,not_qualified_official_SWE_episode,[],modelbench\team_eval20260903\results\INT1_pipeline_repair__team__glm-5.3\result.json
team_eval20260903::main::INT1_pipeline_repair__team__glm-5.3-flash,team_eval20260903,main,INT1_pipeline_repair__team__glm-5.3-flash,INT1_pipeline_repair,team,False,False,not_qualified_official_SWE_episode,[],modelbench\team_eval20260903\results\INT1_pipeline_repair__team__glm-5.3-flash\result.json
team_eval20260903::main::INT1_pipeline_repair__team__gpt-5.6-luna,team_eval20260903,main,INT1_pipeline_repair__team__gpt-5.6-luna,INT1_pipeline_repair,team,False,False,not_qualified_official_SWE_episode,[],modelbench\team_eval20260903\results\INT1_pipeline_repair__team__gpt-5.6-luna\result.json
team_eval20260903::main::INT1_pipeline_repair__team__gpt-5.6-sol,team_eval20260903,main,INT1_pipeline_repair__team__gpt-5.6-sol,INT1_pipeline_repair,team,False,False,not_qualified_official_SWE_episode,[],modelbench\team_eval20260903\results\INT1_pipeline_repair__team__gpt-5.6-sol\result.json
team_eval20260903::main::INT1_pipeline_repair__team__gpt-5.6-terra,team_eval20260903,main,INT1_pipeline_repair__team__gpt-5.6-terra,INT1_pipeline_repair,team,False,False,not_qualified_official_SWE_episode,[],modelbench\team_eval20260903\results\INT1_pipeline_repair__team__gpt-5.6-terra\result.json
team_eval20260903::main::SPEC5_config_system__solo__gpt-5.6-sol,team_eval20260903,main,SPEC5_config_system__solo__gpt-5.6-sol,SPEC5_config_system,solo,False,False,not_qualified_official_SWE_episode,[],modelbench\team_eval20260903\results\SPEC5_config_system__solo__gpt-5.6-sol\result.json
team_eval20260903::main::SPEC5_config_system__team__glm-5.3,team_eval20260903,main,SPEC5_config_system__team__glm-5.3,SPEC5_config_system,team,False,False,not_qualified_official_SWE_episode,[],modelbench\team_eval20260903\results\SPEC5_config_system__team__glm-5.3\result.json
team_eval20260903::main::SPEC5_config_system__team__glm-5.3-flash,team_eval20260903,main,SPEC5_config_system__team__glm-5.3-flash,SPEC5_config_system,team,False,False,not_qualified_official_SWE_episode,[],modelbench\team_eval20260903\results\SPEC5_config_system__team__glm-5.3-flash\result.json
team_eval20260903::main::SPEC5_config_system__team__gpt-5.6-luna,team_eval20260903,main,SPEC5_config_system__team__gpt-5.6-luna,SPEC5_config_system,team,False,False,not_qualified_official_SWE_episode,[],modelbench\team_eval20260903\results\SPEC5_config_system__team__gpt-5.6-luna\result.json
team_eval20260903::main::SPEC5_config_system__team__gpt-5.6-sol,team_eval20260903,main,SPEC5_config_system__team__gpt-5.6-sol,SPEC5_config_system,team,False,False,not_qualified_official_SWE_episode,[],modelbench\team_eval20260903\results\SPEC5_config_system__team__gpt-5.6-sol\result.json
team_eval20260903::main::SPEC5_config_system__team__gpt-5.6-terra,team_eval20260903,main,SPEC5_config_system__team__gpt-5.6-terra,SPEC5_config_system,team,False,False,not_qualified_official_SWE_episode,[],modelbench\team_eval20260903\results\SPEC5_config_system__team__gpt-5.6-terra\result.json
team_runtime_v2::regression_20260903_v2::INT1_pipeline_repair__v2__glm-5.3-flash__r1,team_runtime_v2,regression_20260903_v2,INT1_pipeline_repair__v2__glm-5.3-flash__r1,INT1_pipeline_repair,team_v2,False,False,not_qualified_official_SWE_episode,[],modelbench\team_runtime_v2\regression_20260903_v2\results\INT1_pipeline_repair__v2__glm-5.3-flash__r1\result.json
team_runtime_v2::regression_20260903_v2::INT1_pipeline_repair__v2__glm-5.3__r2,team_runtime_v2,regression_20260903_v2,INT1_pipeline_repair__v2__glm-5.3__r2,INT1_pipeline_repair,team_v2,False,False,not_qualified_official_SWE_episode,[],modelbench\team_runtime_v2\regression_20260903_v2\results\INT1_pipeline_repair__v2__glm-5.3__r2\result.json
team_runtime_v2::regression_20260903_v2::SPEC5_config_system__v2__glm-5.3-flash__r1,team_runtime_v2,regression_20260903_v2,SPEC5_config_system__v2__glm-5.3-flash__r1,SPEC5_config_system,team_v2,False,False,not_qualified_official_SWE_episode,[],modelbench\team_runtime_v2\regression_20260903_v2\results\SPEC5_config_system__v2__glm-5.3-flash__r1\result.json
team_runtime_v2::regression_20260903_v2::SPEC5_config_system__v2__glm-5.3-flash__r2,team_runtime_v2,regression_20260903_v2,SPEC5_config_system__v2__glm-5.3-flash__r2,SPEC5_config_system,team_v2,False,False,not_qualified_official_SWE_episode,[],modelbench\team_runtime_v2\regression_20260903_v2\results\SPEC5_config_system__v2__glm-5.3-flash__r2\result.json
team_runtime_v2::regression_20260903_v2::SPEC5_config_system__v2__glm-5.3__r1,team_runtime_v2,regression_20260903_v2,SPEC5_config_system__v2__glm-5.3__r1,SPEC5_config_system,team_v2,False,False,not_qualified_official_SWE_episode,[],modelbench\team_runtime_v2\regression_20260903_v2\results\SPEC5_config_system__v2__glm-5.3__r1\result.json
team_runtime_v2::regression_20260903_v2::SPEC5_config_system__v2__glm-5.3__r2,team_runtime_v2,regression_20260903_v2,SPEC5_config_system__v2__glm-5.3__r2,SPEC5_config_system,team_v2,False,False,not_qualified_official_SWE_episode,[],modelbench\team_runtime_v2\regression_20260903_v2\results\SPEC5_config_system__v2__glm-5.3__r2\result.json
team_runtime_v2::regression_budget_visible_20260903::INT1_pipeline_repair__budget_visible__glm-5.3-flash__r1,team_runtime_v2,regression_budget_visible_20260903,INT1_pipeline_repair__budget_visible__glm-5.3-flash__r1,INT1_pipeline_repair,team_v2_budget_visible,False,False,not_qualified_official_SWE_episode,[],modelbench\team_runtime_v2\regression_budget_visible_20260903\results\INT1_pipeline_repair__budget_visible__glm-5.3-flash__r1\result.json
team_runtime_v2::regression_budget_visible_20260903::INT1_pipeline_repair__budget_visible__glm-5.3__r1,team_runtime_v2,regression_budget_visible_20260903,INT1_pipeline_repair__budget_visible__glm-5.3__r1,INT1_pipeline_repair,team_v2_budget_visible,False,False,not_qualified_official_SWE_episode,[],modelbench\team_runtime_v2\regression_budget_visible_20260903\results\INT1_pipeline_repair__budget_visible__glm-5.3__r1\result.json
team_runtime_v2::regression_budget_visible_20260903::SPEC5_config_system__budget_visible__glm-5.3-flash__r1,team_runtime_v2,regression_budget_visible_20260903,SPEC5_config_system__budget_visible__glm-5.3-flash__r1,SPEC5_config_system,team_v2_budget_visible,False,False,not_qualified_official_SWE_episode,[],modelbench\team_runtime_v2\regression_budget_visible_20260903\results\SPEC5_config_system__budget_visible__glm-5.3-flash__r1\result.json
team_runtime_v2::regression_budget_visible_20260903::SPEC5_config_system__budget_visible__glm-5.3__r1,team_runtime_v2,regression_budget_visible_20260903,SPEC5_config_system__budget_visible__glm-5.3__r1,SPEC5_config_system,team_v2_budget_visible,False,False,not_qualified_official_SWE_episode,[],modelbench\team_runtime_v2\regression_budget_visible_20260903\results\SPEC5_config_system__budget_visible__glm-5.3__r1\result.json
results::prototype_logpipe_round1::A6-logpipe-20260903_013825,results,prototype_logpipe_round1,A6-logpipe-20260903_013825,logpipe,A6,False,False,not_qualified_official_SWE_episode,[],modelbench\results\runs.jsonl#line=1
results::prototype_logpipe_round1::A2-logpipe-20260903_013825,results,prototype_logpipe_round1,A2-logpipe-20260903_013825,logpipe,A2,False,False,not_qualified_official_SWE_episode,[],modelbench\results\runs.jsonl#line=2
results::prototype_logpipe_round1::A3-logpipe-20260903_014428,results,prototype_logpipe_round1,A3-logpipe-20260903_014428,logpipe,A3,False,False,not_qualified_official_SWE_episode,[],modelbench\results\runs.jsonl#line=3
results::prototype_logpipe_round1::A1-logpipe-20260903_013825,results,prototype_logpipe_round1,A1-logpipe-20260903_013825,logpipe,A1,False,False,not_qualified_official_SWE_episode,[],modelbench\results\runs.jsonl#line=4
results::prototype_logpipe_round1::A5-logpipe-20260903_014929,results,prototype_logpipe_round1,A5-logpipe-20260903_014929,logpipe,A5,False,False,not_qualified_official_SWE_episode,[],modelbench\results\runs.jsonl#line=5
results::prototype_logpipe_round1::A4-logpipe-20260903_015018,results,prototype_logpipe_round1,A4-logpipe-20260903_015018,logpipe,A4,False,False,not_qualified_official_SWE_episode,[],modelbench\results\runs.jsonl#line=6
results::prototype_logpipe_round2_unclosed::A4-logpipe-20260903_020712,results,prototype_logpipe_round2_unclosed,A4-logpipe-20260903_020712,logpipe,A4,False,False,not_qualified_official_SWE_episode,[],modelbench\logs\A4-logpipe-20260903_020712.jsonl
results::prototype_logpipe_round2_unclosed::A5-logpipe-20260903_020712,results,prototype_logpipe_round2_unclosed,A5-logpipe-20260903_020712,logpipe,A5,False,False,not_qualified_official_SWE_episode,[],modelbench\logs\A5-logpipe-20260903_020712.jsonl
results::prototype_logpipe_round2_unclosed::A6-logpipe-20260903_020712,results,prototype_logpipe_round2_unclosed,A6-logpipe-20260903_020712,logpipe,A6,False,False,not_qualified_official_SWE_episode,[],modelbench\logs\A6-logpipe-20260903_020712.jsonl
A1::a1-v2::a1-01-D,A1,a1-v2,a1-01-D,astropy__astropy-14995,D,True,True,included_compatible_same_task_pair,"[""cmp-62c6ab24467ff407"",""cmp-c39b9c45502eb520""]",modelbench\minimal_value_20260905\batches\a1-v2\results\a1-01-D\episode_result.json
A1::a1-v2::a1-01-L,A1,a1-v2,a1-01-L,astropy__astropy-14995,L,True,True,included_compatible_same_task_pair,"[""cmp-62c6ab24467ff407"",""cmp-63fdfa45c5d70d0f""]",modelbench\minimal_value_20260905\batches\a1-v2\results\a1-01-L\episode_result.json
A1::a1-v2::a1-01-R2,A1,a1-v2,a1-01-R2,astropy__astropy-14995,R2,True,False,independent_two_candidate_strategy_not_a_fixed_worker_team_or_single_solo,[],modelbench\minimal_value_20260905\batches\a1-v2\results\a1-01-R2\episode_result.json
A1::a1-v2::a1-01-S,A1,a1-v2,a1-01-S,astropy__astropy-14995,S,True,True,included_compatible_same_task_pair,"[""cmp-c39b9c45502eb520"",""cmp-99481b7307f0c0d8""]",modelbench\minimal_value_20260905\batches\a1-v2\results\a1-01-S\episode_result.json
A1::a1-v2::a1-01-T,A1,a1-v2,a1-01-T,astropy__astropy-14995,T,True,True,included_compatible_same_task_pair,"[""cmp-63fdfa45c5d70d0f"",""cmp-99481b7307f0c0d8""]",modelbench\minimal_value_20260905\batches\a1-v2\results\a1-01-T\episode_result.json
A1::a1-v2::a1-02-D,A1,a1-v2,a1-02-D,pydata__xarray-7229,D,True,True,included_compatible_same_task_pair,"[""cmp-dec91342e63572f0"",""cmp-1d3b7cff3206ab66""]",modelbench\minimal_value_20260905\batches\a1-v2\results\a1-02-D\episode_result.json
A1::a1-v2::a1-02-L,A1,a1-v2,a1-02-L,pydata__xarray-7229,L,True,True,included_compatible_same_task_pair,"[""cmp-dec91342e63572f0"",""cmp-759316d1610b6124""]",modelbench\minimal_value_20260905\batches\a1-v2\results\a1-02-L\episode_result.json
A1::a1-v2::a1-02-R2,A1,a1-v2,a1-02-R2,pydata__xarray-7229,R2,True,False,independent_two_candidate_strategy_not_a_fixed_worker_team_or_single_solo,[],modelbench\minimal_value_20260905\batches\a1-v2\results\a1-02-R2\episode_result.json
A1::a1-v2::a1-02-S,A1,a1-v2,a1-02-S,pydata__xarray-7229,S,True,True,included_compatible_same_task_pair,"[""cmp-1d3b7cff3206ab66"",""cmp-a3c708e8d0d6987e""]",modelbench\minimal_value_20260905\batches\a1-v2\results\a1-02-S\episode_result.json
A1::a1-v2::a1-02-T,A1,a1-v2,a1-02-T,pydata__xarray-7229,T,True,True,included_compatible_same_task_pair,"[""cmp-759316d1610b6124"",""cmp-a3c708e8d0d6987e""]",modelbench\minimal_value_20260905\batches\a1-v2\results\a1-02-T\episode_result.json
A2::a2-v1::a2-01-D,A2,a2-v1,a2-01-D,sympy__sympy-13852,D,True,True,included_compatible_same_task_pair,"[""cmp-fc8a4ec8c2fcaf50"",""cmp-489c67b5c071796d""]",modelbench\minimal_value_20260905\batches\a2-v1\results\a2-01-D\episode_result.json
A2::a2-v1::a2-01-T,A2,a2-v1,a2-01-T,sympy__sympy-13852,T,True,True,included_compatible_same_task_pair,"[""cmp-ea2b5d41484e8338"",""cmp-8da22eafbb8621fa""]",modelbench\minimal_value_20260905\batches\a2-v1\results\a2-01-T\episode_result.json
A2::a2-v1::a2-01-S,A2,a2-v1,a2-01-S,sympy__sympy-13852,S,True,True,included_compatible_same_task_pair,"[""cmp-489c67b5c071796d"",""cmp-8da22eafbb8621fa""]",modelbench\minimal_value_20260905\batches\a2-v1\results\a2-01-S\episode_result.json
A2::a2-v1::a2-01-L,A2,a2-v1,a2-01-L,sympy__sympy-13852,L,True,True,included_compatible_same_task_pair,"[""cmp-fc8a4ec8c2fcaf50"",""cmp-ea2b5d41484e8338""]",modelbench\minimal_value_20260905\batches\a2-v1\results\a2-01-L\episode_result.json
A2::a2-v1::a2-01-R2,A2,a2-v1,a2-01-R2,sympy__sympy-13852,R2,True,False,independent_two_candidate_strategy_not_a_fixed_worker_team_or_single_solo,[],modelbench\minimal_value_20260905\batches\a2-v1\results\a2-01-R2\episode_result.json
A2::a2-v1::a2-02-T,A2,a2-v1,a2-02-T,django__django-10880,T,True,True,included_compatible_same_task_pair,"[""cmp-84e17e21102e8b4a"",""cmp-9b6eff01afd61531""]",modelbench\minimal_value_20260905\batches\a2-v1\results\a2-02-T\episode_result.json
A2::a2-v1::a2-02-S,A2,a2-v1,a2-02-S,django__django-10880,S,True,True,included_compatible_same_task_pair,"[""cmp-28af1a41be80a833"",""cmp-9b6eff01afd61531""]",modelbench\minimal_value_20260905\batches\a2-v1\results\a2-02-S\episode_result.json
A2::a2-v1::a2-02-L,A2,a2-v1,a2-02-L,django__django-10880,L,True,True,included_compatible_same_task_pair,"[""cmp-c0759f689976e0ee"",""cmp-84e17e21102e8b4a""]",modelbench\minimal_value_20260905\batches\a2-v1\results\a2-02-L\episode_result.json
A2::a2-v1::a2-02-R2,A2,a2-v1,a2-02-R2,django__django-10880,R2,True,False,independent_two_candidate_strategy_not_a_fixed_worker_team_or_single_solo,[],modelbench\minimal_value_20260905\batches\a2-v1\results\a2-02-R2\episode_result.json
A2::a2-v1::a2-02-D,A2,a2-v1,a2-02-D,django__django-10880,D,True,True,included_compatible_same_task_pair,"[""cmp-c0759f689976e0ee"",""cmp-28af1a41be80a833""]",modelbench\minimal_value_20260905\batches\a2-v1\results\a2-02-D\episode_result.json
A2::a2-v1::a2-03-S,A2,a2-v1,a2-03-S,matplotlib__matplotlib-23412,S,True,True,included_compatible_same_task_pair,"[""cmp-dbcdf290ca1e5f48"",""cmp-3c631e8b3afed4a6""]",modelbench\minimal_value_20260905\batches\a2-v1\results\a2-03-S\episode_result.json
A2::a2-v1::a2-03-L,A2,a2-v1,a2-03-L,matplotlib__matplotlib-23412,L,True,True,included_compatible_same_task_pair,"[""cmp-9a77481ace79ff5f"",""cmp-c150f2a07e67aa77""]",modelbench\minimal_value_20260905\batches\a2-v1\results\a2-03-L\episode_result.json
A2::a2-recovery-b-v1::a2-03-R2,A2,a2-recovery-b-v1,a2-03-R2,matplotlib__matplotlib-23412,R2,True,False,independent_two_candidate_strategy_not_a_fixed_worker_team_or_single_solo,[],modelbench\minimal_value_20260905\operations\a2-sampling-incident-v1\salvage\results\a2-03-R2\episode_result.json
A2::a2-recovery-b-v1::a2-03-D,A2,a2-recovery-b-v1,a2-03-D,matplotlib__matplotlib-23412,D,True,True,included_compatible_same_task_pair,"[""cmp-9a77481ace79ff5f"",""cmp-dbcdf290ca1e5f48""]",modelbench\minimal_value_20260905\operations\a2-sampling-incident-v1\salvage\results\a2-03-D\episode_result.json
A2::a2-recovery-b-v1::a2-03-T,A2,a2-recovery-b-v1,a2-03-T,matplotlib__matplotlib-23412,T,True,True,included_compatible_same_task_pair,"[""cmp-c150f2a07e67aa77"",""cmp-3c631e8b3afed4a6""]",modelbench\minimal_value_20260905\operations\a2-sampling-incident-v1\salvage\results\a2-03-T\episode_result.json
A2::a2-recovery-b-v1::a2-04-L,A2,a2-recovery-b-v1,a2-04-L,django__django-12050,L,True,True,included_compatible_same_task_pair,"[""cmp-03fbf7f94aca7355"",""cmp-a4c9ef47fa1e5086""]",modelbench\minimal_value_20260905\operations\a2-sampling-incident-v1\salvage\results\a2-04-L\episode_result.json
A2::a2-recovery-b-v1::a2-04-R2,A2,a2-recovery-b-v1,a2-04-R2,django__django-12050,R2,True,False,independent_two_candidate_strategy_not_a_fixed_worker_team_or_single_solo,[],modelbench\minimal_value_20260905\operations\a2-sampling-incident-v1\salvage\results\a2-04-R2\episode_result.json
A2::a2-recovery-b-v1::a2-04-D,A2,a2-recovery-b-v1,a2-04-D,django__django-12050,D,True,True,included_compatible_same_task_pair,"[""cmp-03fbf7f94aca7355"",""cmp-8dac01931f1ace35""]",modelbench\minimal_value_20260905\operations\a2-sampling-incident-v1\salvage\results\a2-04-D\episode_result.json
A2::a2-recovery-b-v1::a2-04-T,A2,a2-recovery-b-v1,a2-04-T,django__django-12050,T,True,True,included_compatible_same_task_pair,"[""cmp-a4c9ef47fa1e5086"",""cmp-4fa290cbe9c88603""]",modelbench\minimal_value_20260905\operations\a2-sampling-incident-v1\salvage\results\a2-04-T\episode_result.json
A2::a2-recovery-b-v1::a2-04-S,A2,a2-recovery-b-v1,a2-04-S,django__django-12050,S,True,True,included_compatible_same_task_pair,"[""cmp-8dac01931f1ace35"",""cmp-4fa290cbe9c88603""]",modelbench\minimal_value_20260905\operations\a2-sampling-incident-v1\salvage\results\a2-04-S\episode_result.json
A2::a2-recovery-b-v1::a2-05-D,A2,a2-recovery-b-v1,a2-05-D,scikit-learn__scikit-learn-14496,D,True,True,included_compatible_same_task_pair,"[""cmp-811f17d8c8937d5b"",""cmp-33ddd7f2a7c505f1""]",modelbench\minimal_value_20260905\operations\a2-sampling-incident-v1\salvage\results\a2-05-D\episode_result.json
A2::a2-resume-v2::a2-05-L,A2,a2-resume-v2,a2-05-L,scikit-learn__scikit-learn-14496,L,True,True,included_compatible_same_task_pair,"[""cmp-811f17d8c8937d5b"",""cmp-9348dd7191b70f58""]",modelbench\minimal_value_20260905\batches\a2-resume-v2\results\a2-05-L\episode_result.json
A2::a2-resume-v2::a2-06-D,A2,a2-resume-v2,a2-06-D,psf__requests-1142,D,True,True,included_compatible_same_task_pair,"[""cmp-cfe0f785668f5c68"",""cmp-0e3f685bb7e54be5""]",modelbench\minimal_value_20260905\batches\a2-resume-v2\results\a2-06-D\episode_result.json
A2::a2-resume-v2::a2-06-T,A2,a2-resume-v2,a2-06-T,psf__requests-1142,T,True,True,included_compatible_same_task_pair,"[""cmp-9023213dcd03f596"",""cmp-7e2c358c4293893c""]",modelbench\minimal_value_20260905\batches\a2-resume-v2\results\a2-06-T\episode_result.json
A2::a2-resume-v2::a2-06-S,A2,a2-resume-v2,a2-06-S,psf__requests-1142,S,True,True,included_compatible_same_task_pair,"[""cmp-0e3f685bb7e54be5"",""cmp-7e2c358c4293893c""]",modelbench\minimal_value_20260905\batches\a2-resume-v2\results\a2-06-S\episode_result.json
A2::a2-resume-v2::a2-06-L,A2,a2-resume-v2,a2-06-L,psf__requests-1142,L,True,True,included_compatible_same_task_pair,"[""cmp-cfe0f785668f5c68"",""cmp-9023213dcd03f596""]",modelbench\minimal_value_20260905\batches\a2-resume-v2\results\a2-06-L\episode_result.json
A2::a2-resume-v2::a2-06-R2,A2,a2-resume-v2,a2-06-R2,psf__requests-1142,R2,True,False,independent_two_candidate_strategy_not_a_fixed_worker_team_or_single_solo,[],modelbench\minimal_value_20260905\batches\a2-resume-v2\results\a2-06-R2\episode_result.json
A2::a2-resume-v2::a2-07-T,A2,a2-resume-v2,a2-07-T,matplotlib__matplotlib-20826,T,True,True,included_compatible_same_task_pair,"[""cmp-cded0c3a115a8905"",""cmp-3ced9dd93c1b70b6""]",modelbench\minimal_value_20260905\batches\a2-resume-v2\results\a2-07-T\episode_result.json
A2::a2-resume-v2::a2-07-S,A2,a2-resume-v2,a2-07-S,matplotlib__matplotlib-20826,S,True,True,included_compatible_same_task_pair,"[""cmp-db5c7a00f7ba655d"",""cmp-3ced9dd93c1b70b6""]",modelbench\minimal_value_20260905\batches\a2-resume-v2\results\a2-07-S\episode_result.json
A2::a2-resume-v2::a2-07-L,A2,a2-resume-v2,a2-07-L,matplotlib__matplotlib-20826,L,True,True,included_compatible_same_task_pair,"[""cmp-f750c90bf0185e5e"",""cmp-cded0c3a115a8905""]",modelbench\minimal_value_20260905\batches\a2-resume-v2\results\a2-07-L\episode_result.json
A2::a2-resume-v2::a2-07-R2,A2,a2-resume-v2,a2-07-R2,matplotlib__matplotlib-20826,R2,True,False,independent_two_candidate_strategy_not_a_fixed_worker_team_or_single_solo,[],modelbench\minimal_value_20260905\batches\a2-resume-v2\results\a2-07-R2\episode_result.json
A2::a2-resume-v2::a2-07-D,A2,a2-resume-v2,a2-07-D,matplotlib__matplotlib-20826,D,True,True,included_compatible_same_task_pair,"[""cmp-f750c90bf0185e5e"",""cmp-db5c7a00f7ba655d""]",modelbench\minimal_value_20260905\batches\a2-resume-v2\results\a2-07-D\episode_result.json
A2::a2-resume-v2::a2-08-S,A2,a2-resume-v2,a2-08-S,pydata__xarray-7233,S,True,True,included_compatible_same_task_pair,"[""cmp-bc5ff403b553bcf3"",""cmp-c44b5b0c23f90076""]",modelbench\minimal_value_20260905\batches\a2-resume-v2\results\a2-08-S\episode_result.json
A2::a2-resume-v2::a2-08-L,A2,a2-resume-v2,a2-08-L,pydata__xarray-7233,L,True,True,included_compatible_same_task_pair,"[""cmp-634536566a2f1eb4"",""cmp-d02887071969918e""]",modelbench\minimal_value_20260905\operations\a2-stats-incident-v1\salvage\results\a2-08-L\episode_result.json
A2::a2-resume-v2::a2-08-R2,A2,a2-resume-v2,a2-08-R2,pydata__xarray-7233,R2,True,False,independent_two_candidate_strategy_not_a_fixed_worker_team_or_single_solo,[],modelbench\minimal_value_20260905\operations\a2-stats-incident-v1\salvage\results\a2-08-R2\episode_result.json
A2::a2-resume-v2::a2-08-D,A2,a2-resume-v2,a2-08-D,pydata__xarray-7233,D,True,True,included_compatible_same_task_pair,"[""cmp-634536566a2f1eb4"",""cmp-bc5ff403b553bcf3""]",modelbench\minimal_value_20260905\operations\a2-stats-incident-v1\salvage\results\a2-08-D\episode_result.json
A2::a2-resume-v2::a2-08-T,A2,a2-resume-v2,a2-08-T,pydata__xarray-7233,T,True,True,included_compatible_same_task_pair,"[""cmp-d02887071969918e"",""cmp-c44b5b0c23f90076""]",modelbench\minimal_value_20260905\operations\a2-stats-incident-v1\salvage\results\a2-08-T\episode_result.json
A2::a2-resume-v2::a2-09-L,A2,a2-resume-v2,a2-09-L,pylint-dev__pylint-6386,L,True,True,included_compatible_same_task_pair,"[""cmp-a1f5c30fa586393d"",""cmp-e82068defc96c85e""]",modelbench\minimal_value_20260905\operations\a2-stats-incident-v1\salvage\results\a2-09-L\episode_result.json
A2::a2-resume-v2::a2-09-R2,A2,a2-resume-v2,a2-09-R2,pylint-dev__pylint-6386,R2,True,False,independent_two_candidate_strategy_not_a_fixed_worker_team_or_single_solo,[],modelbench\minimal_value_20260905\operations\a2-stats-incident-v1\salvage\results\a2-09-R2\episode_result.json
A2::a2-resume-v2::a2-10-R2,A2,a2-resume-v2,a2-10-R2,sympy__sympy-22456,R2,True,False,independent_two_candidate_strategy_not_a_fixed_worker_team_or_single_solo,[],modelbench\minimal_value_20260905\operations\a2-stats-incident-v1\salvage\results\a2-10-R2\episode_result.json
A2::a2-resume-v3::a2-10-T,A2,a2-resume-v3,a2-10-T,sympy__sympy-22456,T,True,True,included_compatible_same_task_pair,"[""cmp-bdcde14d69ae85ce"",""cmp-fd7ef6168f01acf4""]",modelbench\minimal_value_20260905\batches\a2-resume-v3\results\a2-10-T\episode_result.json
A2::a2-resume-v3::a2-10-S,A2,a2-resume-v3,a2-10-S,sympy__sympy-22456,S,True,True,included_compatible_same_task_pair,"[""cmp-95fc5bdbb95ebc3b"",""cmp-fd7ef6168f01acf4""]",modelbench\minimal_value_20260905\batches\a2-resume-v3\results\a2-10-S\episode_result.json
A2::a2-resume-v3::a2-10-L,A2,a2-resume-v3,a2-10-L,sympy__sympy-22456,L,True,True,included_compatible_same_task_pair,"[""cmp-b92d72605d0a080d"",""cmp-bdcde14d69ae85ce""]",modelbench\minimal_value_20260905\batches\a2-resume-v3\results\a2-10-L\episode_result.json
A2::a2-resume-v3::a2-11-D,A2,a2-resume-v3,a2-11-D,pytest-dev__pytest-10051,D,True,True,included_compatible_same_task_pair,"[""cmp-268d7c3f9cf37020"",""cmp-f3f82ee013ec35d2""]",modelbench\minimal_value_20260905\batches\a2-resume-v3\results\a2-11-D\episode_result.json
A2::a2-resume-v3::a2-11-T,A2,a2-resume-v3,a2-11-T,pytest-dev__pytest-10051,T,True,True,included_compatible_same_task_pair,"[""cmp-4dd77a98eee5167d"",""cmp-b4740ecc19fbe506""]",modelbench\minimal_value_20260905\batches\a2-resume-v3\results\a2-11-T\episode_result.json
A2::a2-resume-v3::a2-11-S,A2,a2-resume-v3,a2-11-S,pytest-dev__pytest-10051,S,True,True,included_compatible_same_task_pair,"[""cmp-f3f82ee013ec35d2"",""cmp-b4740ecc19fbe506""]",modelbench\minimal_value_20260905\batches\a2-resume-v3\results\a2-11-S\episode_result.json
A2::a2-resume-v3::a2-11-L,A2,a2-resume-v3,a2-11-L,pytest-dev__pytest-10051,L,True,True,included_compatible_same_task_pair,"[""cmp-268d7c3f9cf37020"",""cmp-4dd77a98eee5167d""]",modelbench\minimal_value_20260905\batches\a2-resume-v3\results\a2-11-L\episode_result.json
A2::a2-resume-v3::a2-11-R2,A2,a2-resume-v3,a2-11-R2,pytest-dev__pytest-10051,R2,True,False,independent_two_candidate_strategy_not_a_fixed_worker_team_or_single_solo,[],modelbench\minimal_value_20260905\batches\a2-resume-v3\results\a2-11-R2\episode_result.json
A2::a2-resume-v3::a2-12-T,A2,a2-resume-v3,a2-12-T,mwaskom__seaborn-3187,T,True,True,included_compatible_same_task_pair,"[""cmp-60c0923cc5a49abc"",""cmp-fc049905ee637d4e""]",modelbench\minimal_value_20260905\batches\a2-resume-v3\results\a2-12-T\episode_result.json
A2::a2-resume-v3::a2-12-S,A2,a2-resume-v3,a2-12-S,mwaskom__seaborn-3187,S,True,True,included_compatible_same_task_pair,"[""cmp-0b08988026cb7363"",""cmp-fc049905ee637d4e""]",modelbench\minimal_value_20260905\batches\a2-resume-v3\results\a2-12-S\episode_result.json
A2::a2-resume-v3::a2-12-L,A2,a2-resume-v3,a2-12-L,mwaskom__seaborn-3187,L,True,True,included_compatible_same_task_pair,"[""cmp-6a89495818147a20"",""cmp-60c0923cc5a49abc""]",modelbench\minimal_value_20260905\batches\a2-resume-v3\results\a2-12-L\episode_result.json
A2::a2-resume-v3::a2-12-R2,A2,a2-resume-v3,a2-12-R2,mwaskom__seaborn-3187,R2,True,False,independent_two_candidate_strategy_not_a_fixed_worker_team_or_single_solo,[],modelbench\minimal_value_20260905\batches\a2-resume-v3\results\a2-12-R2\episode_result.json
A2::a2-resume-v3::a2-12-D,A2,a2-resume-v3,a2-12-D,mwaskom__seaborn-3187,D,True,True,included_compatible_same_task_pair,"[""cmp-6a89495818147a20"",""cmp-0b08988026cb7363""]",modelbench\minimal_value_20260905\batches\a2-resume-v3\results\a2-12-D\episode_result.json
A2::a2-resume-v3::a2-13-S,A2,a2-resume-v3,a2-13-S,astropy__astropy-8872,S,True,True,included_compatible_same_task_pair,"[""cmp-2efa8e2c57410a89"",""cmp-2ff6a2abc4799c95""]",modelbench\minimal_value_20260905\batches\a2-resume-v3\results\a2-13-S\episode_result.json
A2::a2-resume-v3::a2-13-L,A2,a2-resume-v3,a2-13-L,astropy__astropy-8872,L,True,True,included_compatible_same_task_pair,"[""cmp-7110b48f6d801122"",""cmp-729710802012c866""]",modelbench\minimal_value_20260905\batches\a2-resume-v3\results\a2-13-L\episode_result.json
A2::a2-resume-v3::a2-13-R2,A2,a2-resume-v3,a2-13-R2,astropy__astropy-8872,R2,True,False,independent_two_candidate_strategy_not_a_fixed_worker_team_or_single_solo,[],modelbench\minimal_value_20260905\batches\a2-resume-v3\results\a2-13-R2\episode_result.json
A2::a2-resume-v3::a2-13-D,A2,a2-resume-v3,a2-13-D,astropy__astropy-8872,D,True,True,included_compatible_same_task_pair,"[""cmp-7110b48f6d801122"",""cmp-2efa8e2c57410a89""]",modelbench\minimal_value_20260905\batches\a2-resume-v3\results\a2-13-D\episode_result.json
A2::a2-resume-v3::a2-13-T,A2,a2-resume-v3,a2-13-T,astropy__astropy-8872,T,True,True,included_compatible_same_task_pair,"[""cmp-729710802012c866"",""cmp-2ff6a2abc4799c95""]",modelbench\minimal_value_20260905\batches\a2-resume-v3\results\a2-13-T\episode_result.json
A2::a2-resume-v3::a2-14-L,A2,a2-resume-v3,a2-14-L,sphinx-doc__sphinx-8548,L,True,True,included_compatible_same_task_pair,"[""cmp-3288719d580551b0"",""cmp-d10796a20adecce9""]",modelbench\minimal_value_20260905\batches\a2-resume-v3\results\a2-14-L\episode_result.json
A2::a2-resume-v3::a2-14-R2,A2,a2-resume-v3,a2-14-R2,sphinx-doc__sphinx-8548,R2,True,False,independent_two_candidate_strategy_not_a_fixed_worker_team_or_single_solo,[],modelbench\minimal_value_20260905\batches\a2-resume-v3\results\a2-14-R2\episode_result.json
A2::a2-resume-v3::a2-14-D,A2,a2-resume-v3,a2-14-D,sphinx-doc__sphinx-8548,D,True,True,included_compatible_same_task_pair,"[""cmp-3288719d580551b0"",""cmp-351724d2f42cd4c3""]",modelbench\minimal_value_20260905\batches\a2-resume-v3\results\a2-14-D\episode_result.json
A2::a2-resume-v3::a2-14-T,A2,a2-resume-v3,a2-14-T,sphinx-doc__sphinx-8548,T,True,True,included_compatible_same_task_pair,"[""cmp-d10796a20adecce9"",""cmp-389613ff3f7b4ea4""]",modelbench\minimal_value_20260905\batches\a2-resume-v3\results\a2-14-T\episode_result.json
A2::a2-resume-v3::a2-14-S,A2,a2-resume-v3,a2-14-S,sphinx-doc__sphinx-8548,S,True,True,included_compatible_same_task_pair,"[""cmp-351724d2f42cd4c3"",""cmp-389613ff3f7b4ea4""]",modelbench\minimal_value_20260905\batches\a2-resume-v3\results\a2-14-S\episode_result.json
A2::a2-resume-v3::a2-15-R2,A2,a2-resume-v3,a2-15-R2,pydata__xarray-6992,R2,True,False,independent_two_candidate_strategy_not_a_fixed_worker_team_or_single_solo,[],modelbench\minimal_value_20260905\batches\a2-resume-v3\results\a2-15-R2\episode_result.json
A2::a2-resume-v3::a2-15-D,A2,a2-resume-v3,a2-15-D,pydata__xarray-6992,D,True,True,included_compatible_same_task_pair,"[""cmp-05e514e40f9e2f66"",""cmp-9e5c07c4aa0cc1e0""]",modelbench\minimal_value_20260905\batches\a2-resume-v3\results\a2-15-D\episode_result.json
A2::a2-resume-v3::a2-15-T,A2,a2-resume-v3,a2-15-T,pydata__xarray-6992,T,True,True,included_compatible_same_task_pair,"[""cmp-9601e47336307cf8"",""cmp-c4110192a056efd9""]",modelbench\minimal_value_20260905\batches\a2-resume-v3\results\a2-15-T\episode_result.json
A2::a2-resume-v3::a2-15-S,A2,a2-resume-v3,a2-15-S,pydata__xarray-6992,S,True,True,included_compatible_same_task_pair,"[""cmp-9e5c07c4aa0cc1e0"",""cmp-c4110192a056efd9""]",modelbench\minimal_value_20260905\batches\a2-resume-v3\results\a2-15-S\episode_result.json
A2::a2-resume-v3::a2-15-L,A2,a2-resume-v3,a2-15-L,pydata__xarray-6992,L,True,True,included_compatible_same_task_pair,"[""cmp-05e514e40f9e2f66"",""cmp-9601e47336307cf8""]",modelbench\minimal_value_20260905\batches\a2-resume-v3\results\a2-15-L\episode_result.json
A2::a2-resume-v3::a2-16-D,A2,a2-resume-v3,a2-16-D,pytest-dev__pytest-7982,D,True,True,included_compatible_same_task_pair,"[""cmp-dfb8bdc974755914"",""cmp-a63bb3844aac57b3""]",modelbench\minimal_value_20260905\batches\a2-resume-v3\results\a2-16-D\episode_result.json
A2::a2-resume-v3::a2-16-T,A2,a2-resume-v3,a2-16-T,pytest-dev__pytest-7982,T,True,True,included_compatible_same_task_pair,"[""cmp-cdafedb80c36d960"",""cmp-8ee134630cc0a287""]",modelbench\minimal_value_20260905\batches\a2-resume-v3\results\a2-16-T\episode_result.json
A2::a2-resume-v3::a2-16-S,A2,a2-resume-v3,a2-16-S,pytest-dev__pytest-7982,S,True,True,included_compatible_same_task_pair,"[""cmp-a63bb3844aac57b3"",""cmp-8ee134630cc0a287""]",modelbench\minimal_value_20260905\batches\a2-resume-v3\results\a2-16-S\episode_result.json
A2::a2-resume-v3::a2-16-L,A2,a2-resume-v3,a2-16-L,pytest-dev__pytest-7982,L,True,True,included_compatible_same_task_pair,"[""cmp-dfb8bdc974755914"",""cmp-cdafedb80c36d960""]",modelbench\minimal_value_20260905\batches\a2-resume-v3\results\a2-16-L\episode_result.json
A2::a2-resume-v3::a2-16-R2,A2,a2-resume-v3,a2-16-R2,pytest-dev__pytest-7982,R2,True,False,independent_two_candidate_strategy_not_a_fixed_worker_team_or_single_solo,[],modelbench\minimal_value_20260905\batches\a2-resume-v3\results\a2-16-R2\episode_result.json
A2::a2-backfill-v1::a2-05-R2,A2,a2-backfill-v1,a2-05-R2,scikit-learn__scikit-learn-14496,R2,True,False,independent_two_candidate_strategy_not_a_fixed_worker_team_or_single_solo,[],modelbench\minimal_value_20260905\batches\a2-backfill-v1\results\a2-05-R2\episode_result.json
A2::a2-backfill-v1::a2-05-T,A2,a2-backfill-v1,a2-05-T,scikit-learn__scikit-learn-14496,T,True,True,included_compatible_same_task_pair,"[""cmp-9348dd7191b70f58"",""cmp-77872411e3ea5ffd""]",modelbench\minimal_value_20260905\batches\a2-backfill-v1\results\a2-05-T\episode_result.json
A2::a2-backfill-v1::a2-05-S,A2,a2-backfill-v1,a2-05-S,scikit-learn__scikit-learn-14496,S,True,True,included_compatible_same_task_pair,"[""cmp-33ddd7f2a7c505f1"",""cmp-77872411e3ea5ffd""]",modelbench\minimal_value_20260905\batches\a2-backfill-v1\results\a2-05-S\episode_result.json
A2::a2-backfill-v1::a2-09-D,A2,a2-backfill-v1,a2-09-D,pylint-dev__pylint-6386,D,True,True,included_compatible_same_task_pair,"[""cmp-a1f5c30fa586393d"",""cmp-77c49d68271253bb""]",modelbench\minimal_value_20260905\batches\a2-backfill-v1\results\a2-09-D\episode_result.json
A2::a2-backfill-v1::a2-09-T,A2,a2-backfill-v1,a2-09-T,pylint-dev__pylint-6386,T,True,True,included_compatible_same_task_pair,"[""cmp-e82068defc96c85e"",""cmp-8cfcd6b3cf0f2709""]",modelbench\minimal_value_20260905\batches\a2-backfill-v1\results\a2-09-T\episode_result.json
A2::a2-backfill-v1::a2-09-S,A2,a2-backfill-v1,a2-09-S,pylint-dev__pylint-6386,S,True,True,included_compatible_same_task_pair,"[""cmp-77c49d68271253bb"",""cmp-8cfcd6b3cf0f2709""]",modelbench\minimal_value_20260905\batches\a2-backfill-v1\results\a2-09-S\episode_result.json
A2::a2-backfill-v1::a2-10-D,A2,a2-backfill-v1,a2-10-D,sympy__sympy-22456,D,True,True,included_compatible_same_task_pair,"[""cmp-b92d72605d0a080d"",""cmp-95fc5bdbb95ebc3b""]",modelbench\minimal_value_20260905\batches\a2-backfill-v1\results\a2-10-D\episode_result.json
B1::b1-coding-continuation-v1::b1-r1-q05-D00,B1,b1-coding-continuation-v1,b1-r1-q05-D00,matplotlib__matplotlib-20826,D00,True,False,no_solo_with_same_task_runtime_transport_and_budget,[],modelbench\big_budget_team_20260906\batches\b1-coding-continuation-v1\results\b1-r1-q05-D00\episode_result.json
B1::b1-coding-continuation-v1::b1-r1-q05-D11,B1,b1-coding-continuation-v1,b1-r1-q05-D11,matplotlib__matplotlib-20826,D11,True,True,included_compatible_same_task_pair,"[""cmp-2e68fcd74052edfa"",""cmp-9790dab4301644b5""]",modelbench\big_budget_team_20260906\batches\b1-coding-continuation-v1\results\b1-r1-q05-D11\episode_result.json
B1::b1-coding-continuation-v1::b1-r1-q05-F-S,B1,b1-coding-continuation-v1,b1-r1-q05-F-S,matplotlib__matplotlib-20826,F-S,True,True,included_compatible_same_task_pair,"[""cmp-2e68fcd74052edfa"",""cmp-7a0e29bd62af583b"",""cmp-8e768a1a71676665"",""cmp-1222ac67a185d635""]",modelbench\big_budget_team_20260906\batches\b1-coding-continuation-v1\results\b1-r1-q05-F-S\episode_result.json
B1::b1-coding-continuation-v1::b1-r1-q05-F-T,B1,b1-coding-continuation-v1,b1-r1-q05-F-T,matplotlib__matplotlib-20826,F-T,True,True,included_compatible_same_task_pair,"[""cmp-7a0e29bd62af583b"",""cmp-22d4dcc6841cfe3f""]",modelbench\big_budget_team_20260906\batches\b1-coding-continuation-v1\results\b1-r1-q05-F-T\episode_result.json
B1::b1-coding-continuation-v1::b1-r1-q05-S-FF,B1,b1-coding-continuation-v1,b1-r1-q05-S-FF,matplotlib__matplotlib-20826,S-FF,True,True,included_compatible_same_task_pair,"[""cmp-8e768a1a71676665"",""cmp-3b0427e1f0a6c8d8""]",modelbench\big_budget_team_20260906\batches\b1-coding-continuation-v1\results\b1-r1-q05-S-FF\episode_result.json
B1::b1-coding-continuation-v1::b1-r1-q05-S-S,B1,b1-coding-continuation-v1,b1-r1-q05-S-S,matplotlib__matplotlib-20826,S-S,True,True,included_compatible_same_task_pair,"[""cmp-9790dab4301644b5"",""cmp-22d4dcc6841cfe3f"",""cmp-3b0427e1f0a6c8d8"",""cmp-a0f77793d9809a83""]",modelbench\big_budget_team_20260906\batches\b1-coding-continuation-v1\results\b1-r1-q05-S-S\episode_result.json
B1::b1-coding-continuation-v1::b1-r1-q05-T00,B1,b1-coding-continuation-v1,b1-r1-q05-T00,matplotlib__matplotlib-20826,T00,True,False,no_solo_with_same_task_runtime_transport_and_budget,[],modelbench\big_budget_team_20260906\batches\b1-coding-continuation-v1\results\b1-r1-q05-T00\episode_result.json
B1::b1-coding-continuation-v1::b1-r1-q05-T01,B1,b1-coding-continuation-v1,b1-r1-q05-T01,matplotlib__matplotlib-20826,T01,True,False,no_solo_with_same_task_runtime_transport_and_budget,[],modelbench\big_budget_team_20260906\batches\b1-coding-continuation-v1\results\b1-r1-q05-T01\episode_result.json
B1::b1-coding-continuation-v1::b1-r1-q05-T10,B1,b1-coding-continuation-v1,b1-r1-q05-T10,matplotlib__matplotlib-20826,T10,True,False,no_solo_with_same_task_runtime_transport_and_budget,[],modelbench\big_budget_team_20260906\batches\b1-coding-continuation-v1\results\b1-r1-q05-T10\episode_result.json
B1::b1-coding-continuation-v1::b1-r1-q05-T11,B1,b1-coding-continuation-v1,b1-r1-q05-T11,matplotlib__matplotlib-20826,T11,True,True,included_compatible_same_task_pair,"[""cmp-1222ac67a185d635"",""cmp-a0f77793d9809a83""]",modelbench\big_budget_team_20260906\batches\b1-coding-continuation-v1\results\b1-r1-q05-T11\episode_result.json
B1::b1-mvp-six-v1::b1-r1-q04-S-S,B1,b1-mvp-six-v1,b1-r1-q04-S-S,pydata__xarray-6992,S-S,True,True,included_compatible_same_task_pair,"[""cmp-6959a0971b491472""]",modelbench\big_budget_team_20260906\batches\b1-mvp-six-v1\results\b1-r1-q04-S-S\episode_result.json
B1::b1-mvp-six-v1::b1-r1-q04-T00,B1,b1-mvp-six-v1,b1-r1-q04-T00,pydata__xarray-6992,T00,True,False,no_solo_with_same_task_runtime_transport_and_budget,[],modelbench\big_budget_team_20260906\batches\b1-mvp-six-v1\results\b1-r1-q04-T00\episode_result.json
B1::b1-mvp-six-v1::b1-r1-q04-T11,B1,b1-mvp-six-v1,b1-r1-q04-T11,pydata__xarray-6992,T11,True,True,included_compatible_same_task_pair,"[""cmp-6959a0971b491472""]",modelbench\big_budget_team_20260906\batches\b1-mvp-six-v1\results\b1-r1-q04-T11\episode_result.json
B1::b1-mvp-six-v1::b1-r1-q06-S-S,B1,b1-mvp-six-v1,b1-r1-q06-S-S,pylint-dev__pylint-6386,S-S,True,True,included_compatible_same_task_pair,"[""cmp-2c2da84483609343""]",modelbench\big_budget_team_20260906\batches\b1-mvp-six-v1\results\b1-r1-q06-S-S\episode_result.json
B1::b1-mvp-six-v1::b1-r1-q06-T00,B1,b1-mvp-six-v1,b1-r1-q06-T00,pylint-dev__pylint-6386,T00,True,False,no_solo_with_same_task_runtime_transport_and_budget,[],modelbench\big_budget_team_20260906\batches\b1-mvp-six-v1\results\b1-r1-q06-T00\episode_result.json
B1::b1-mvp-six-v1::b1-r1-q06-T11,B1,b1-mvp-six-v1,b1-r1-q06-T11,pylint-dev__pylint-6386,T11,True,True,included_compatible_same_task_pair,"[""cmp-2c2da84483609343""]",modelbench\big_budget_team_20260906\batches\b1-mvp-six-v1\results\b1-r1-q06-T11\episode_result.json
B1::b1-stream-continuation-v1::b1-r1-q06-F-T,B1,b1-stream-continuation-v1,b1-r1-q06-F-T,pylint-dev__pylint-6386,F-T,False,False,not_qualified_official_SWE_episode,[],
B1::b1-stream-continuation-v1::b1-r1-q06-T01,B1,b1-stream-continuation-v1,b1-r1-q06-T01,pylint-dev__pylint-6386,T01,True,False,no_solo_with_same_task_runtime_transport_and_budget,[],modelbench\big_budget_team_20260906\batches\b1-stream-continuation-v1\results\b1-r1-q06-T01\episode_result.json
B1::b1-stream-continuation-v1::b1-r1-q06-T11,B1,b1-stream-continuation-v1,b1-r1-q06-T11,pylint-dev__pylint-6386,T11,False,False,not_qualified_official_SWE_episode,[],
B1::b1-v1::b1-r1-q06-D00,B1,b1-v1,b1-r1-q06-D00,pylint-dev__pylint-6386,D00,True,False,no_solo_with_same_task_runtime_transport_and_budget,[],modelbench\big_budget_team_20260906\batches\b1-v1\results\b1-r1-q06-D00\episode_result.json
B1::b1-v1::b1-r1-q06-D11,B1,b1-v1,b1-r1-q06-D11,pylint-dev__pylint-6386,D11,True,True,included_compatible_same_task_pair,"[""cmp-af2f662d53fcb2ba"",""cmp-560415bdae992140""]",modelbench\big_budget_team_20260906\batches\b1-v1\results\b1-r1-q06-D11\episode_result.json
B1::b1-v1::b1-r1-q06-F-S,B1,b1-v1,b1-r1-q06-F-S,pylint-dev__pylint-6386,F-S,True,True,included_compatible_same_task_pair,"[""cmp-af2f662d53fcb2ba"",""cmp-b0614b2b9b308bc7""]",modelbench\big_budget_team_20260906\batches\b1-v1\results\b1-r1-q06-F-S\episode_result.json
B1::b1-v1::b1-r1-q06-S-FF,B1,b1-v1,b1-r1-q06-S-FF,pylint-dev__pylint-6386,S-FF,True,True,included_compatible_same_task_pair,"[""cmp-b0614b2b9b308bc7"",""cmp-d555808f3ebd612c""]",modelbench\big_budget_team_20260906\batches\b1-v1\results\b1-r1-q06-S-FF\episode_result.json
B1::b1-v1::b1-r1-q06-S-S,B1,b1-v1,b1-r1-q06-S-S,pylint-dev__pylint-6386,S-S,True,True,included_compatible_same_task_pair,"[""cmp-560415bdae992140"",""cmp-d555808f3ebd612c""]",modelbench\big_budget_team_20260906\batches\b1-v1\results\b1-r1-q06-S-S\episode_result.json
B1::b1-v1::b1-r1-q06-T00,B1,b1-v1,b1-r1-q06-T00,pylint-dev__pylint-6386,T00,True,False,no_solo_with_same_task_runtime_transport_and_budget,[],modelbench\big_budget_team_20260906\batches\b1-v1\results\b1-r1-q06-T00\episode_result.json
B1::b1-v1::b1-r1-q06-T10,B1,b1-v1,b1-r1-q06-T10,pylint-dev__pylint-6386,T10,True,False,no_solo_with_same_task_runtime_transport_and_budget,[],modelbench\big_budget_team_20260906\batches\b1-v1\results\b1-r1-q06-T10\episode_result.json
C1::c1-v1::c1-01-FCM_ON-r1,C1,c1-v1,c1-01-FCM_ON-r1,pydata__xarray-6992,FCM_ON,True,False,CM_ablation_team_only_no_same_runtime_solo,[],modelbench\mechanism_ablation_20260906\batches\c1-v1\results\c1-01-FCM_ON-r1\episode_result.json
C1::c1-v1::c1-02-FCM_OFF-r1,C1,c1-v1,c1-02-FCM_OFF-r1,pydata__xarray-6992,FCM_OFF,True,False,CM_ablation_team_only_no_same_runtime_solo,[],modelbench\mechanism_ablation_20260906\batches\c1-v1\results\c1-02-FCM_OFF-r1\episode_result.json
C1::c1-v1::c1-03-FCM_OFF-r1,C1,c1-v1,c1-03-FCM_OFF-r1,pylint-dev__pylint-6386,FCM_OFF,True,False,CM_ablation_team_only_no_same_runtime_solo,[],modelbench\mechanism_ablation_20260906\batches\c1-v1\results\c1-03-FCM_OFF-r1\episode_result.json
C1::c1-v1::c1-04-FCM_ON-r1,C1,c1-v1,c1-04-FCM_ON-r1,pylint-dev__pylint-6386,FCM_ON,True,False,CM_ablation_team_only_no_same_runtime_solo,[],modelbench\mechanism_ablation_20260906\batches\c1-v1\results\c1-04-FCM_ON-r1\episode_result.json
C1::c1-v1::c1-05-FCM_OFF-r1,C1,c1-v1,c1-05-FCM_OFF-r1,matplotlib__matplotlib-20826,FCM_OFF,True,False,CM_ablation_team_only_no_same_runtime_solo,[],modelbench\mechanism_ablation_20260906\batches\c1-v1\results\c1-05-FCM_OFF-r1\episode_result.json
C1::c1-v1::c1-06-FCM_ON-r1,C1,c1-v1,c1-06-FCM_ON-r1,matplotlib__matplotlib-20826,FCM_ON,True,False,CM_ablation_team_only_no_same_runtime_solo,[],modelbench\mechanism_ablation_20260906\batches\c1-v1\results\c1-06-FCM_ON-r1\episode_result.json
C1::c1-v1::c1-07-FCM_OFF-r2,C1,c1-v1,c1-07-FCM_OFF-r2,pydata__xarray-6992,FCM_OFF,True,False,CM_ablation_team_only_no_same_runtime_solo,[],modelbench\mechanism_ablation_20260906\batches\c1-v1\results\c1-07-FCM_OFF-r2\episode_result.json
C1::c1-v1::c1-08-FCM_ON-r2,C1,c1-v1,c1-08-FCM_ON-r2,pydata__xarray-6992,FCM_ON,True,False,CM_ablation_team_only_no_same_runtime_solo,[],modelbench\mechanism_ablation_20260906\batches\c1-v1\results\c1-08-FCM_ON-r2\episode_result.json
C1::c1-v1::c1-09-FCM_OFF-r2,C1,c1-v1,c1-09-FCM_OFF-r2,matplotlib__matplotlib-20826,FCM_OFF,True,False,CM_ablation_team_only_no_same_runtime_solo,[],modelbench\mechanism_ablation_20260906\batches\c1-v1\results\c1-09-FCM_OFF-r2\episode_result.json
C1::c1-v1::c1-10-FCM_ON-r2,C1,c1-v1,c1-10-FCM_ON-r2,matplotlib__matplotlib-20826,FCM_ON,True,False,CM_ablation_team_only_no_same_runtime_solo,[],modelbench\mechanism_ablation_20260906\batches\c1-v1\results\c1-10-FCM_ON-r2\episode_result.json
C1::c1-v1::c1-11-FCM_OFF-r2,C1,c1-v1,c1-11-FCM_OFF-r2,pylint-dev__pylint-6386,FCM_OFF,True,False,CM_ablation_team_only_no_same_runtime_solo,[],modelbench\mechanism_ablation_20260906\batches\c1-v1\results\c1-11-FCM_OFF-r2\episode_result.json
C1::c1-v1::c1-12-FCM_ON-r2,C1,c1-v1,c1-12-FCM_ON-r2,pylint-dev__pylint-6386,FCM_ON,True,False,CM_ablation_team_only_no_same_runtime_solo,[],modelbench\mechanism_ablation_20260906\batches\c1-v1\results\c1-12-FCM_ON-r2\episode_result.json
C1::c1-v1::c1-13-FCM_OFF-r3,C1,c1-v1,c1-13-FCM_OFF-r3,pydata__xarray-6992,FCM_OFF,True,False,CM_ablation_team_only_no_same_runtime_solo,[],modelbench\mechanism_ablation_20260906\batches\c1-v1\results\c1-13-FCM_OFF-r3\episode_result.json
C1::c1-v1::c1-14-FCM_ON-r3,C1,c1-v1,c1-14-FCM_ON-r3,pydata__xarray-6992,FCM_ON,True,False,CM_ablation_team_only_no_same_runtime_solo,[],modelbench\mechanism_ablation_20260906\batches\c1-v1\results\c1-14-FCM_ON-r3\episode_result.json
C1::c1-v1::c1-15-FCM_OFF-r3,C1,c1-v1,c1-15-FCM_OFF-r3,pylint-dev__pylint-6386,FCM_OFF,True,False,CM_ablation_team_only_no_same_runtime_solo,[],modelbench\mechanism_ablation_20260906\batches\c1-v1\results\c1-15-FCM_OFF-r3\episode_result.json
C1::c1-v1::c1-16-FCM_ON-r3,C1,c1-v1,c1-16-FCM_ON-r3,pylint-dev__pylint-6386,FCM_ON,True,False,CM_ablation_team_only_no_same_runtime_solo,[],modelbench\mechanism_ablation_20260906\batches\c1-v1\results\c1-16-FCM_ON-r3\episode_result.json
C1::c1-v1::c1-17-FCM_OFF-r3,C1,c1-v1,c1-17-FCM_OFF-r3,matplotlib__matplotlib-20826,FCM_OFF,True,False,CM_ablation_team_only_no_same_runtime_solo,[],modelbench\mechanism_ablation_20260906\batches\c1-v1\results\c1-17-FCM_OFF-r3\episode_result.json
C1::c1-v1::c1-18-FCM_ON-r3,C1,c1-v1,c1-18-FCM_ON-r3,matplotlib__matplotlib-20826,FCM_ON,True,False,CM_ablation_team_only_no_same_runtime_solo,[],modelbench\mechanism_ablation_20260906\batches\c1-v1\results\c1-18-FCM_ON-r3\episode_result.json
A1::a1-v1::a1-01-D,A1,a1-v1,a1-01-D,astropy__astropy-14995,D,False,False,not_qualified_official_SWE_episode,[],
A2::a2-recovery-b-v1::a2-05-R2,A2,a2-recovery-b-v1,a2-05-R2,scikit-learn__scikit-learn-14496,R2,False,False,not_qualified_official_SWE_episode,[],
A2::a2-recovery-b-v1::a2-05-S,A2,a2-recovery-b-v1,a2-05-S,scikit-learn__scikit-learn-14496,S,False,False,not_qualified_official_SWE_episode,[],
A2::a2-recovery-b-v1::a2-05-T,A2,a2-recovery-b-v1,a2-05-T,scikit-learn__scikit-learn-14496,T,False,False,not_qualified_official_SWE_episode,[],
A2::a2-resume-v2::a2-09-D,A2,a2-resume-v2,a2-09-D,pylint-dev__pylint-6386,D,False,False,not_qualified_official_SWE_episode,[],
A2::a2-resume-v2::a2-09-S,A2,a2-resume-v2,a2-09-S,pylint-dev__pylint-6386,S,False,False,not_qualified_official_SWE_episode,[],
A2::a2-resume-v2::a2-09-T,A2,a2-resume-v2,a2-09-T,pylint-dev__pylint-6386,T,False,False,not_qualified_official_SWE_episode,[],
A2::a2-resume-v2::a2-10-D,A2,a2-resume-v2,a2-10-D,sympy__sympy-22456,D,False,False,not_qualified_official_SWE_episode,[],
A2::a2-v1::a2-03-D,A2,a2-v1,a2-03-D,matplotlib__matplotlib-23412,D,False,False,not_qualified_official_SWE_episode,[],
A2::a2-v1::a2-03-R2,A2,a2-v1,a2-03-R2,matplotlib__matplotlib-23412,R2,False,False,not_qualified_official_SWE_episode,[],
A2::a2-v1::a2-03-T,A2,a2-v1,a2-03-T,matplotlib__matplotlib-23412,T,False,False,not_qualified_official_SWE_episode,[],
A2::a2-v1::a2-04-D,A2,a2-v1,a2-04-D,django__django-12050,D,False,False,not_qualified_official_SWE_episode,[],
A2::a2-v1::a2-04-L,A2,a2-v1,a2-04-L,django__django-12050,L,False,False,not_qualified_official_SWE_episode,[],
A2::a2-v1::a2-04-R2,A2,a2-v1,a2-04-R2,django__django-12050,R2,False,False,not_qualified_official_SWE_episode,[],
