cohort,batch,run_id,source_result,source_read,role_records,record_coverage,gap
swe_fixed_team_20260903,hard_canary_20260905,pydata__xarray-7229__hetero_gpt-5.6-terra__glm-5.3,modelbench/swe_fixed_team_20260903/hard_canary_20260905/results/pydata__xarray-7229__hetero_gpt-5.6-terra__glm-5.3/result.json,True,2,workers,Legacy final snapshots/adoption binding may be unavailable
swe_fixed_team_20260903,pilot_v1,matplotlib__matplotlib-25122__fixed_glm-5.3,modelbench/swe_fixed_team_20260903/pilot_v1/results/matplotlib__matplotlib-25122__fixed_glm-5.3/result.json,True,0,no_roles_instantiated,Legacy final snapshots/adoption binding may be unavailable
swe_fixed_team_20260903,pilot_v1,matplotlib__matplotlib-25122__solo,modelbench/swe_fixed_team_20260903/pilot_v1/results/matplotlib__matplotlib-25122__solo/result.json,True,0,no_roles_instantiated,Legacy final snapshots/adoption binding may be unavailable
swe_fixed_team_20260903,pilot_v10,sphinx-doc__sphinx-8035__hetero_gpt-5.6-terra__glm-5.3,modelbench/swe_fixed_team_20260903/pilot_v10/results/sphinx-doc__sphinx-8035__hetero_gpt-5.6-terra__glm-5.3/result.json,True,2,workers,Legacy final snapshots/adoption binding may be unavailable
swe_fixed_team_20260903,pilot_v10,sphinx-doc__sphinx-8035__hetero_gpt-5.6-terra__glm-5.3.rep2,modelbench/swe_fixed_team_20260903/pilot_v10/results/sphinx-doc__sphinx-8035__hetero_gpt-5.6-terra__glm-5.3.rep2/result.json,True,2,workers,Legacy final snapshots/adoption binding may be unavailable
swe_fixed_team_20260903,pilot_v10,sphinx-doc__sphinx-8035__hetero_gpt-5.6-terra__glm-5.3.rep3,modelbench/swe_fixed_team_20260903/pilot_v10/results/sphinx-doc__sphinx-8035__hetero_gpt-5.6-terra__glm-5.3.rep3/result.json,True,2,workers,Legacy final snapshots/adoption binding may be unavailable
swe_fixed_team_20260903,pilot_v10,sphinx-doc__sphinx-8035__heterooff_gpt-5.6-terra__glm-5.3,modelbench/swe_fixed_team_20260903/pilot_v10/results/sphinx-doc__sphinx-8035__heterooff_gpt-5.6-terra__glm-5.3/result.json,True,2,workers,Legacy final snapshots/adoption binding may be unavailable
swe_fixed_team_20260903,pilot_v10,sphinx-doc__sphinx-8035__heterooff_gpt-5.6-terra__glm-5.3.rep2,modelbench/swe_fixed_team_20260903/pilot_v10/results/sphinx-doc__sphinx-8035__heterooff_gpt-5.6-terra__glm-5.3.rep2/result.json,True,2,workers,Legacy final snapshots/adoption binding may be unavailable
swe_fixed_team_20260903,pilot_v10,sphinx-doc__sphinx-8035__heterooff_gpt-5.6-terra__glm-5.3.rep3,modelbench/swe_fixed_team_20260903/pilot_v10/results/sphinx-doc__sphinx-8035__heterooff_gpt-5.6-terra__glm-5.3.rep3/result.json,True,2,workers,Legacy final snapshots/adoption binding may be unavailable
swe_fixed_team_20260903,pilot_v10,sphinx-doc__sphinx-8035__solo_gpt-5.6-sol,modelbench/swe_fixed_team_20260903/pilot_v10/results/sphinx-doc__sphinx-8035__solo_gpt-5.6-sol/result.json,True,0,no_roles_instantiated,Legacy final snapshots/adoption binding may be unavailable
swe_fixed_team_20260903,pilot_v10,sphinx-doc__sphinx-8035__solo_gpt-5.6-sol.rep2,modelbench/swe_fixed_team_20260903/pilot_v10/results/sphinx-doc__sphinx-8035__solo_gpt-5.6-sol.rep2/result.json,True,0,no_roles_instantiated,Legacy final snapshots/adoption binding may be unavailable
swe_fixed_team_20260903,pilot_v10,sphinx-doc__sphinx-8035__solo_gpt-5.6-sol.rep3,modelbench/swe_fixed_team_20260903/pilot_v10/results/sphinx-doc__sphinx-8035__solo_gpt-5.6-sol.rep3/result.json,True,0,no_roles_instantiated,Legacy final snapshots/adoption binding may be unavailable
swe_fixed_team_20260903,pilot_v11,sphinx-doc__sphinx-8035__fixed_deepseek-v4-flash,modelbench/swe_fixed_team_20260903/pilot_v11/results/sphinx-doc__sphinx-8035__fixed_deepseek-v4-flash/result.json,True,2,workers,Legacy final snapshots/adoption binding may be unavailable
swe_fixed_team_20260903,pilot_v11,sphinx-doc__sphinx-8035__fixed_glm-5.3,modelbench/swe_fixed_team_20260903/pilot_v11/results/sphinx-doc__sphinx-8035__fixed_glm-5.3/result.json,True,2,workers,Legacy final snapshots/adoption binding may be unavailable
swe_fixed_team_20260903,pilot_v11,sphinx-doc__sphinx-8035__fixed_glm-5.3.rep2,modelbench/swe_fixed_team_20260903/pilot_v11/results/sphinx-doc__sphinx-8035__fixed_glm-5.3.rep2/result.json,True,2,workers,Legacy final snapshots/adoption binding may be unavailable
swe_fixed_team_20260903,pilot_v11,sphinx-doc__sphinx-8035__fixed_gpt-5.6-sol,modelbench/swe_fixed_team_20260903/pilot_v11/results/sphinx-doc__sphinx-8035__fixed_gpt-5.6-sol/result.json,True,2,workers,Legacy final snapshots/adoption binding may be unavailable
swe_fixed_team_20260903,pilot_v11,sphinx-doc__sphinx-8035__fixed_gpt-5.6-sol.rep2,modelbench/swe_fixed_team_20260903/pilot_v11/results/sphinx-doc__sphinx-8035__fixed_gpt-5.6-sol.rep2/result.json,True,2,workers,Legacy final snapshots/adoption binding may be unavailable
swe_fixed_team_20260903,pilot_v11,sphinx-doc__sphinx-8035__hetero_gpt-5.6-terra__glm-5.3,modelbench/swe_fixed_team_20260903/pilot_v11/results/sphinx-doc__sphinx-8035__hetero_gpt-5.6-terra__glm-5.3/result.json,True,2,workers,Legacy final snapshots/adoption binding may be unavailable
swe_fixed_team_20260903,pilot_v11,sphinx-doc__sphinx-8035__hetero_gpt-5.6-terra__glm-5.3.rep2,modelbench/swe_fixed_team_20260903/pilot_v11/results/sphinx-doc__sphinx-8035__hetero_gpt-5.6-terra__glm-5.3.rep2/result.json,True,2,workers,Legacy final snapshots/adoption binding may be unavailable
swe_fixed_team_20260903,pilot_v12,astropy__astropy-14995__hetero_gpt-5.6-terra__glm-5.3,modelbench/swe_fixed_team_20260903/pilot_v12/results/astropy__astropy-14995__hetero_gpt-5.6-terra__glm-5.3/result.json,True,2,workers,Legacy final snapshots/adoption binding may be unavailable
swe_fixed_team_20260903,pilot_v12,astropy__astropy-14995__hetero_gpt-5.6-terra__glm-5.3.rep2,modelbench/swe_fixed_team_20260903/pilot_v12/results/astropy__astropy-14995__hetero_gpt-5.6-terra__glm-5.3.rep2/result.json,True,2,workers,Legacy final snapshots/adoption binding may be unavailable
swe_fixed_team_20260903,pilot_v12,astropy__astropy-14995__hetero_gpt-5.6-terra__glm-5.3.rep3,modelbench/swe_fixed_team_20260903/pilot_v12/results/astropy__astropy-14995__hetero_gpt-5.6-terra__glm-5.3.rep3/result.json,True,2,workers,Legacy final snapshots/adoption binding may be unavailable
swe_fixed_team_20260903,pilot_v12,astropy__astropy-14995__heterooff_gpt-5.6-terra__glm-5.3,modelbench/swe_fixed_team_20260903/pilot_v12/results/astropy__astropy-14995__heterooff_gpt-5.6-terra__glm-5.3/result.json,True,2,workers,Legacy final snapshots/adoption binding may be unavailable
swe_fixed_team_20260903,pilot_v12,astropy__astropy-14995__heterooff_gpt-5.6-terra__glm-5.3.rep2,modelbench/swe_fixed_team_20260903/pilot_v12/results/astropy__astropy-14995__heterooff_gpt-5.6-terra__glm-5.3.rep2/result.json,True,2,workers,Legacy final snapshots/adoption binding may be unavailable
swe_fixed_team_20260903,pilot_v12,astropy__astropy-14995__heterooff_gpt-5.6-terra__glm-5.3.rep3,modelbench/swe_fixed_team_20260903/pilot_v12/results/astropy__astropy-14995__heterooff_gpt-5.6-terra__glm-5.3.rep3/result.json,True,2,workers,Legacy final snapshots/adoption binding may be unavailable
swe_fixed_team_20260903,pilot_v12,astropy__astropy-14995__solo_gpt-5.6-sol,modelbench/swe_fixed_team_20260903/pilot_v12/results/astropy__astropy-14995__solo_gpt-5.6-sol/result.json,True,0,no_roles_instantiated,Legacy final snapshots/adoption binding may be unavailable
swe_fixed_team_20260903,pilot_v12,astropy__astropy-14995__solo_gpt-5.6-sol.rep2,modelbench/swe_fixed_team_20260903/pilot_v12/results/astropy__astropy-14995__solo_gpt-5.6-sol.rep2/result.json,True,0,no_roles_instantiated,Legacy final snapshots/adoption binding may be unavailable
swe_fixed_team_20260903,pilot_v12,astropy__astropy-14995__solo_gpt-5.6-sol.rep3,modelbench/swe_fixed_team_20260903/pilot_v12/results/astropy__astropy-14995__solo_gpt-5.6-sol.rep3/result.json,True,0,no_roles_instantiated,Legacy final snapshots/adoption binding may be unavailable
swe_fixed_team_20260903,pilot_v13,sphinx-doc__sphinx-8035__heterooff_gpt-5.6-terra__glm-5.3.cm24,modelbench/swe_fixed_team_20260903/pilot_v13/results/sphinx-doc__sphinx-8035__heterooff_gpt-5.6-terra__glm-5.3.cm24/result.json,True,2,workers,Legacy final snapshots/adoption binding may be unavailable
swe_fixed_team_20260903,pilot_v13,sphinx-doc__sphinx-8035__heterooff_gpt-5.6-terra__glm-5.3.cm6,modelbench/swe_fixed_team_20260903/pilot_v13/results/sphinx-doc__sphinx-8035__heterooff_gpt-5.6-terra__glm-5.3.cm6/result.json,True,2,workers,Legacy final snapshots/adoption binding may be unavailable
swe_fixed_team_20260903,pilot_v13,sphinx-doc__sphinx-8035__solo_gpt-5.6-sol.cm24,modelbench/swe_fixed_team_20260903/pilot_v13/results/sphinx-doc__sphinx-8035__solo_gpt-5.6-sol.cm24/result.json,True,0,no_roles_instantiated,Legacy final snapshots/adoption binding may be unavailable
swe_fixed_team_20260903,pilot_v13,sphinx-doc__sphinx-8035__solo_gpt-5.6-sol.cm24.rep2,modelbench/swe_fixed_team_20260903/pilot_v13/results/sphinx-doc__sphinx-8035__solo_gpt-5.6-sol.cm24.rep2/result.json,True,0,no_roles_instantiated,Legacy final snapshots/adoption binding may be unavailable
swe_fixed_team_20260903,pilot_v13,sphinx-doc__sphinx-8035__solo_gpt-5.6-sol.cm6,modelbench/swe_fixed_team_20260903/pilot_v13/results/sphinx-doc__sphinx-8035__solo_gpt-5.6-sol.cm6/result.json,True,0,no_roles_instantiated,Legacy final snapshots/adoption binding may be unavailable
swe_fixed_team_20260903,pilot_v13,sphinx-doc__sphinx-8035__solo_gpt-5.6-sol.cm6.rep2,modelbench/swe_fixed_team_20260903/pilot_v13/results/sphinx-doc__sphinx-8035__solo_gpt-5.6-sol.cm6.rep2/result.json,True,0,no_roles_instantiated,Legacy final snapshots/adoption binding may be unavailable
swe_fixed_team_20260903,pilot_v14,django__django-14140__solo_gpt-5.6-sol,modelbench/swe_fixed_team_20260903/pilot_v14/results/django__django-14140__solo_gpt-5.6-sol/result.json,True,0,no_roles_instantiated,Legacy final snapshots/adoption binding may be unavailable
swe_fixed_team_20260903,pilot_v14,matplotlib__matplotlib-25122__solo_gpt-5.6-sol,modelbench/swe_fixed_team_20260903/pilot_v14/results/matplotlib__matplotlib-25122__solo_gpt-5.6-sol/result.json,True,0,no_roles_instantiated,Legacy final snapshots/adoption binding may be unavailable
swe_fixed_team_20260903,pilot_v14,mwaskom__seaborn-3069__solo_gpt-5.6-sol,modelbench/swe_fixed_team_20260903/pilot_v14/results/mwaskom__seaborn-3069__solo_gpt-5.6-sol/result.json,True,0,no_roles_instantiated,Legacy final snapshots/adoption binding may be unavailable
swe_fixed_team_20260903,pilot_v14,pallets__flask-5014__solo_gpt-5.6-sol,modelbench/swe_fixed_team_20260903/pilot_v14/results/pallets__flask-5014__solo_gpt-5.6-sol/result.json,True,0,no_roles_instantiated,Legacy final snapshots/adoption binding may be unavailable
swe_fixed_team_20260903,pilot_v14,pydata__xarray-7229__solo_gpt-5.6-sol,modelbench/swe_fixed_team_20260903/pilot_v14/results/pydata__xarray-7229__solo_gpt-5.6-sol/result.json,True,0,no_roles_instantiated,Legacy final snapshots/adoption binding may be unavailable
swe_fixed_team_20260903,pilot_v14,pytest-dev__pytest-7571__solo_gpt-5.6-sol,modelbench/swe_fixed_team_20260903/pilot_v14/results/pytest-dev__pytest-7571__solo_gpt-5.6-sol/result.json,True,0,no_roles_instantiated,Legacy final snapshots/adoption binding may be unavailable
swe_fixed_team_20260903,pilot_v14,scikit-learn__scikit-learn-25232__solo_gpt-5.6-sol,modelbench/swe_fixed_team_20260903/pilot_v14/results/scikit-learn__scikit-learn-25232__solo_gpt-5.6-sol/result.json,True,0,no_roles_instantiated,Legacy final snapshots/adoption binding may be unavailable
swe_fixed_team_20260903,pilot_v14,sympy__sympy-16792__solo_gpt-5.6-sol,modelbench/swe_fixed_team_20260903/pilot_v14/results/sympy__sympy-16792__solo_gpt-5.6-sol/result.json,True,0,no_roles_instantiated,Legacy final snapshots/adoption binding may be unavailable
swe_fixed_team_20260903,pilot_v15,astropy__astropy-14995__solo_gpt-5.6-sol,modelbench/swe_fixed_team_20260903/pilot_v15/results/astropy__astropy-14995__solo_gpt-5.6-sol/result.json,True,0,no_roles_instantiated,Legacy final snapshots/adoption binding may be unavailable
swe_fixed_team_20260903,pilot_v15,mwaskom__seaborn-3069__solo_gpt-5.6-sol,modelbench/swe_fixed_team_20260903/pilot_v15/results/mwaskom__seaborn-3069__solo_gpt-5.6-sol/result.json,True,0,no_roles_instantiated,Legacy final snapshots/adoption binding may be unavailable
swe_fixed_team_20260903,pilot_v15,mwaskom__seaborn-3069__solo_gpt-5.6-sol.rep2,modelbench/swe_fixed_team_20260903/pilot_v15/results/mwaskom__seaborn-3069__solo_gpt-5.6-sol.rep2/result.json,True,0,no_roles_instantiated,Legacy final snapshots/adoption binding may be unavailable
swe_fixed_team_20260903,pilot_v15,pydata__xarray-7229__solo_gpt-5.6-sol,modelbench/swe_fixed_team_20260903/pilot_v15/results/pydata__xarray-7229__solo_gpt-5.6-sol/result.json,True,0,no_roles_instantiated,Legacy final snapshots/adoption binding may be unavailable
swe_fixed_team_20260903,pilot_v15,pydata__xarray-7229__solo_gpt-5.6-sol.rep2,modelbench/swe_fixed_team_20260903/pilot_v15/results/pydata__xarray-7229__solo_gpt-5.6-sol.rep2/result.json,True,0,no_roles_instantiated,Legacy final snapshots/adoption binding may be unavailable
swe_fixed_team_20260903,pilot_v15,scikit-learn__scikit-learn-25232__solo_gpt-5.6-sol,modelbench/swe_fixed_team_20260903/pilot_v15/results/scikit-learn__scikit-learn-25232__solo_gpt-5.6-sol/result.json,True,0,no_roles_instantiated,Legacy final snapshots/adoption binding may be unavailable
swe_fixed_team_20260903,pilot_v15,sphinx-doc__sphinx-8035__solo_gpt-5.6-sol,modelbench/swe_fixed_team_20260903/pilot_v15/results/sphinx-doc__sphinx-8035__solo_gpt-5.6-sol/result.json,True,0,no_roles_instantiated,Legacy final snapshots/adoption binding may be unavailable
swe_fixed_team_20260903,pilot_v15,sphinx-doc__sphinx-8035__solo_gpt-5.6-sol.cm24,modelbench/swe_fixed_team_20260903/pilot_v15/results/sphinx-doc__sphinx-8035__solo_gpt-5.6-sol.cm24/result.json,True,0,no_roles_instantiated,Legacy final snapshots/adoption binding may be unavailable
swe_fixed_team_20260903,pilot_v15,sphinx-doc__sphinx-8035__solo_gpt-5.6-sol.cm24.rep2,modelbench/swe_fixed_team_20260903/pilot_v15/results/sphinx-doc__sphinx-8035__solo_gpt-5.6-sol.cm24.rep2/result.json,True,0,no_roles_instantiated,Legacy final snapshots/adoption binding may be unavailable
swe_fixed_team_20260903,pilot_v15,sphinx-doc__sphinx-8035__solo_gpt-5.6-sol.nocurf,modelbench/swe_fixed_team_20260903/pilot_v15/results/sphinx-doc__sphinx-8035__solo_gpt-5.6-sol.nocurf/result.json,True,0,no_roles_instantiated,Legacy final snapshots/adoption binding may be unavailable
swe_fixed_team_20260903,pilot_v15,sphinx-doc__sphinx-8035__solo_gpt-5.6-sol.nocurf.rep2,modelbench/swe_fixed_team_20260903/pilot_v15/results/sphinx-doc__sphinx-8035__solo_gpt-5.6-sol.nocurf.rep2/result.json,True,0,no_roles_instantiated,Legacy final snapshots/adoption binding may be unavailable
swe_fixed_team_20260903,pilot_v15,sphinx-doc__sphinx-8035__solo_gpt-5.6-sol.rep2,modelbench/swe_fixed_team_20260903/pilot_v15/results/sphinx-doc__sphinx-8035__solo_gpt-5.6-sol.rep2/result.json,True,0,no_roles_instantiated,Legacy final snapshots/adoption binding may be unavailable
swe_fixed_team_20260903,pilot_v15,sphinx-doc__sphinx-8035__solo_gpt-5.6-sol.rep3,modelbench/swe_fixed_team_20260903/pilot_v15/results/sphinx-doc__sphinx-8035__solo_gpt-5.6-sol.rep3/result.json,True,0,no_roles_instantiated,Legacy final snapshots/adoption binding may be unavailable
swe_fixed_team_20260903,pilot_v15,sympy__sympy-16792__solo_gpt-5.6-sol,modelbench/swe_fixed_team_20260903/pilot_v15/results/sympy__sympy-16792__solo_gpt-5.6-sol/result.json,True,0,no_roles_instantiated,Legacy final snapshots/adoption binding may be unavailable
swe_fixed_team_20260903,pilot_v15b,pydata__xarray-7229__solo_gpt-5.6-sol.b900,modelbench/swe_fixed_team_20260903/pilot_v15b/results/pydata__xarray-7229__solo_gpt-5.6-sol.b900/result.json,True,0,no_roles_instantiated,Legacy final snapshots/adoption binding may be unavailable
swe_fixed_team_20260903,pilot_v15b,pydata__xarray-7229__solo_gpt-5.6-sol.b900.rep2,modelbench/swe_fixed_team_20260903/pilot_v15b/results/pydata__xarray-7229__solo_gpt-5.6-sol.b900.rep2/result.json,True,0,no_roles_instantiated,Legacy final snapshots/adoption binding may be unavailable
swe_fixed_team_20260903,pilot_v15b,sphinx-doc__sphinx-8035__solo_gpt-5.6-sol.b900,modelbench/swe_fixed_team_20260903/pilot_v15b/results/sphinx-doc__sphinx-8035__solo_gpt-5.6-sol.b900/result.json,True,0,no_roles_instantiated,Legacy final snapshots/adoption binding may be unavailable
swe_fixed_team_20260903,pilot_v15b,sphinx-doc__sphinx-8035__solo_gpt-5.6-sol.b900.rep2,modelbench/swe_fixed_team_20260903/pilot_v15b/results/sphinx-doc__sphinx-8035__solo_gpt-5.6-sol.b900.rep2/result.json,True,0,no_roles_instantiated,Legacy final snapshots/adoption binding may be unavailable
swe_fixed_team_20260903,pilot_v16,mwaskom__seaborn-3069__hetero_gpt-5.6-terra__glm-5.3,modelbench/swe_fixed_team_20260903/pilot_v16/results/mwaskom__seaborn-3069__hetero_gpt-5.6-terra__glm-5.3/result.json,True,2,workers,Legacy final snapshots/adoption binding may be unavailable
swe_fixed_team_20260903,pilot_v16,mwaskom__seaborn-3069__hetero_gpt-5.6-terra__glm-5.3.rep2,modelbench/swe_fixed_team_20260903/pilot_v16/results/mwaskom__seaborn-3069__hetero_gpt-5.6-terra__glm-5.3.rep2/result.json,True,2,workers,Legacy final snapshots/adoption binding may be unavailable
swe_fixed_team_20260903,pilot_v16,mwaskom__seaborn-3069__heterooff_gpt-5.6-terra__glm-5.3,modelbench/swe_fixed_team_20260903/pilot_v16/results/mwaskom__seaborn-3069__heterooff_gpt-5.6-terra__glm-5.3/result.json,True,2,workers,Legacy final snapshots/adoption binding may be unavailable
swe_fixed_team_20260903,pilot_v16,mwaskom__seaborn-3069__heterooff_gpt-5.6-terra__glm-5.3.rep2,modelbench/swe_fixed_team_20260903/pilot_v16/results/mwaskom__seaborn-3069__heterooff_gpt-5.6-terra__glm-5.3.rep2/result.json,True,2,workers,Legacy final snapshots/adoption binding may be unavailable
swe_fixed_team_20260903,pilot_v16,pydata__xarray-7229__hetero_gpt-5.6-terra__glm-5.3,modelbench/swe_fixed_team_20260903/pilot_v16/results/pydata__xarray-7229__hetero_gpt-5.6-terra__glm-5.3/result.json,True,2,workers,Legacy final snapshots/adoption binding may be unavailable
swe_fixed_team_20260903,pilot_v16,pydata__xarray-7229__hetero_gpt-5.6-terra__glm-5.3.rep2,modelbench/swe_fixed_team_20260903/pilot_v16/results/pydata__xarray-7229__hetero_gpt-5.6-terra__glm-5.3.rep2/result.json,True,2,workers,Legacy final snapshots/adoption binding may be unavailable
swe_fixed_team_20260903,pilot_v16,pydata__xarray-7229__heterooff_gpt-5.6-terra__glm-5.3,modelbench/swe_fixed_team_20260903/pilot_v16/results/pydata__xarray-7229__heterooff_gpt-5.6-terra__glm-5.3/result.json,True,2,workers,Legacy final snapshots/adoption binding may be unavailable
swe_fixed_team_20260903,pilot_v16,pydata__xarray-7229__heterooff_gpt-5.6-terra__glm-5.3.rep2,modelbench/swe_fixed_team_20260903/pilot_v16/results/pydata__xarray-7229__heterooff_gpt-5.6-terra__glm-5.3.rep2/result.json,True,2,workers,Legacy final snapshots/adoption binding may be unavailable
swe_fixed_team_20260903,pilot_v16,sphinx-doc__sphinx-8035__heterooff_gpt-5.6-terra__glm-5.3,modelbench/swe_fixed_team_20260903/pilot_v16/results/sphinx-doc__sphinx-8035__heterooff_gpt-5.6-terra__glm-5.3/result.json,True,2,workers,Legacy final snapshots/adoption binding may be unavailable
swe_fixed_team_20260903,pilot_v16,sphinx-doc__sphinx-8035__heterooff_gpt-5.6-terra__glm-5.3.rep2,modelbench/swe_fixed_team_20260903/pilot_v16/results/sphinx-doc__sphinx-8035__heterooff_gpt-5.6-terra__glm-5.3.rep2/result.json,True,2,workers,Legacy final snapshots/adoption binding may be unavailable
swe_fixed_team_20260903,pilot_v2,matplotlib__matplotlib-25122__fixed_glm-5.3,modelbench/swe_fixed_team_20260903/pilot_v2/results/matplotlib__matplotlib-25122__fixed_glm-5.3/result.json,True,2,workers,Legacy final snapshots/adoption binding may be unavailable
swe_fixed_team_20260903,pilot_v2,matplotlib__matplotlib-25122__fixed_glm-5.3-flash,modelbench/swe_fixed_team_20260903/pilot_v2/results/matplotlib__matplotlib-25122__fixed_glm-5.3-flash/result.json,True,2,workers,Legacy final snapshots/adoption binding may be unavailable
swe_fixed_team_20260903,pilot_v2,matplotlib__matplotlib-25122__fixed_gpt-5.6-luna,modelbench/swe_fixed_team_20260903/pilot_v2/results/matplotlib__matplotlib-25122__fixed_gpt-5.6-luna/result.json,True,2,workers,Legacy final snapshots/adoption binding may be unavailable
swe_fixed_team_20260903,pilot_v2,matplotlib__matplotlib-25122__fixed_gpt-5.6-sol,modelbench/swe_fixed_team_20260903/pilot_v2/results/matplotlib__matplotlib-25122__fixed_gpt-5.6-sol/result.json,True,2,workers,Legacy final snapshots/adoption binding may be unavailable
swe_fixed_team_20260903,pilot_v2,matplotlib__matplotlib-25122__fixed_gpt-5.6-terra,modelbench/swe_fixed_team_20260903/pilot_v2/results/matplotlib__matplotlib-25122__fixed_gpt-5.6-terra/result.json,True,2,workers,Legacy final snapshots/adoption binding may be unavailable
swe_fixed_team_20260903,pilot_v2,matplotlib__matplotlib-25122__solo,modelbench/swe_fixed_team_20260903/pilot_v2/results/matplotlib__matplotlib-25122__solo/result.json,True,0,no_roles_instantiated,Legacy final snapshots/adoption binding may be unavailable
swe_fixed_team_20260903,pilot_v2,sphinx-doc__sphinx-8035__fixed_gpt-5.6-luna,modelbench/swe_fixed_team_20260903/pilot_v2/results/sphinx-doc__sphinx-8035__fixed_gpt-5.6-luna/result.json,True,2,workers,Legacy final snapshots/adoption binding may be unavailable
swe_fixed_team_20260903,pilot_v2,sphinx-doc__sphinx-8035__fixed_gpt-5.6-terra,modelbench/swe_fixed_team_20260903/pilot_v2/results/sphinx-doc__sphinx-8035__fixed_gpt-5.6-terra/result.json,True,2,workers,Legacy final snapshots/adoption binding may be unavailable
swe_fixed_team_20260903,pilot_v3,sphinx-doc__sphinx-8035__fixed_glm-5.3,modelbench/swe_fixed_team_20260903/pilot_v3/results/sphinx-doc__sphinx-8035__fixed_glm-5.3/result.json,True,2,workers,Legacy final snapshots/adoption binding may be unavailable
swe_fixed_team_20260903,pilot_v3,sphinx-doc__sphinx-8035__fixed_glm-5.3-flash,modelbench/swe_fixed_team_20260903/pilot_v3/results/sphinx-doc__sphinx-8035__fixed_glm-5.3-flash/result.json,True,2,workers,Legacy final snapshots/adoption binding may be unavailable
swe_fixed_team_20260903,pilot_v3,sphinx-doc__sphinx-8035__fixed_gpt-5.6-luna,modelbench/swe_fixed_team_20260903/pilot_v3/results/sphinx-doc__sphinx-8035__fixed_gpt-5.6-luna/result.json,True,2,workers,Legacy final snapshots/adoption binding may be unavailable
swe_fixed_team_20260903,pilot_v3,sphinx-doc__sphinx-8035__fixed_gpt-5.6-sol,modelbench/swe_fixed_team_20260903/pilot_v3/results/sphinx-doc__sphinx-8035__fixed_gpt-5.6-sol/result.json,True,2,workers,Legacy final snapshots/adoption binding may be unavailable
swe_fixed_team_20260903,pilot_v3,sphinx-doc__sphinx-8035__fixed_gpt-5.6-terra,modelbench/swe_fixed_team_20260903/pilot_v3/results/sphinx-doc__sphinx-8035__fixed_gpt-5.6-terra/result.json,True,2,workers,Legacy final snapshots/adoption binding may be unavailable
swe_fixed_team_20260903,pilot_v3,sphinx-doc__sphinx-8035__solo,modelbench/swe_fixed_team_20260903/pilot_v3/results/sphinx-doc__sphinx-8035__solo/result.json,True,0,no_roles_instantiated,Legacy final snapshots/adoption binding may be unavailable
swe_fixed_team_20260903,pilot_v4,sphinx-doc__sphinx-8035__fixed_gpt-5.6-sol,modelbench/swe_fixed_team_20260903/pilot_v4/results/sphinx-doc__sphinx-8035__fixed_gpt-5.6-sol/result.json,True,2,workers,Legacy final snapshots/adoption binding may be unavailable
swe_fixed_team_20260903,pilot_v4,sphinx-doc__sphinx-8035__solo,modelbench/swe_fixed_team_20260903/pilot_v4/results/sphinx-doc__sphinx-8035__solo/result.json,True,0,no_roles_instantiated,Legacy final snapshots/adoption binding may be unavailable
swe_fixed_team_20260903,pilot_v5,sphinx-doc__sphinx-8035__fixed_glm-5.3,modelbench/swe_fixed_team_20260903/pilot_v5/results/sphinx-doc__sphinx-8035__fixed_glm-5.3/result.json,True,2,workers,Legacy final snapshots/adoption binding may be unavailable
swe_fixed_team_20260903,pilot_v5,sphinx-doc__sphinx-8035__fixed_glm-5.3-flash,modelbench/swe_fixed_team_20260903/pilot_v5/results/sphinx-doc__sphinx-8035__fixed_glm-5.3-flash/result.json,True,2,workers,Legacy final snapshots/adoption binding may be unavailable
swe_fixed_team_20260903,pilot_v6,sphinx-doc__sphinx-8035__fixed_glm-5.3,modelbench/swe_fixed_team_20260903/pilot_v6/results/sphinx-doc__sphinx-8035__fixed_glm-5.3/result.json,True,2,workers,Legacy final snapshots/adoption binding may be unavailable
swe_fixed_team_20260903,pilot_v6,sphinx-doc__sphinx-8035__fixed_gpt-5.6-luna,modelbench/swe_fixed_team_20260903/pilot_v6/results/sphinx-doc__sphinx-8035__fixed_gpt-5.6-luna/result.json,True,2,workers,Legacy final snapshots/adoption binding may be unavailable
swe_fixed_team_20260903,pilot_v6,sphinx-doc__sphinx-8035__solo,modelbench/swe_fixed_team_20260903/pilot_v6/results/sphinx-doc__sphinx-8035__solo/result.json,True,0,no_roles_instantiated,Legacy final snapshots/adoption binding may be unavailable
swe_fixed_team_20260903,pilot_v7,sphinx-doc__sphinx-8035__fixed_glm-5.3-flash,modelbench/swe_fixed_team_20260903/pilot_v7/results/sphinx-doc__sphinx-8035__fixed_glm-5.3-flash/result.json,True,2,workers,Legacy final snapshots/adoption binding may be unavailable
swe_fixed_team_20260903,pilot_v8,sphinx-doc__sphinx-8035__fixed_glm-5.3,modelbench/swe_fixed_team_20260903/pilot_v8/results/sphinx-doc__sphinx-8035__fixed_glm-5.3/result.json,True,2,workers,Legacy final snapshots/adoption binding may be unavailable
swe_fixed_team_20260903,pilot_v8,sphinx-doc__sphinx-8035__fixed_glm-5.3-flash,modelbench/swe_fixed_team_20260903/pilot_v8/results/sphinx-doc__sphinx-8035__fixed_glm-5.3-flash/result.json,True,2,workers,Legacy final snapshots/adoption binding may be unavailable
swe_fixed_team_20260903,pilot_v8,sphinx-doc__sphinx-8035__fixed_gpt-5.6-luna,modelbench/swe_fixed_team_20260903/pilot_v8/results/sphinx-doc__sphinx-8035__fixed_gpt-5.6-luna/result.json,True,2,workers,Legacy final snapshots/adoption binding may be unavailable
swe_fixed_team_20260903,pilot_v8,sphinx-doc__sphinx-8035__fixed_gpt-5.6-sol,modelbench/swe_fixed_team_20260903/pilot_v8/results/sphinx-doc__sphinx-8035__fixed_gpt-5.6-sol/result.json,True,2,workers,Legacy final snapshots/adoption binding may be unavailable
swe_fixed_team_20260903,pilot_v8,sphinx-doc__sphinx-8035__fixed_gpt-5.6-terra,modelbench/swe_fixed_team_20260903/pilot_v8/results/sphinx-doc__sphinx-8035__fixed_gpt-5.6-terra/result.json,True,2,workers,Legacy final snapshots/adoption binding may be unavailable
swe_fixed_team_20260903,pilot_v8,sphinx-doc__sphinx-8035__hetero_glm-5.3__gpt-5.6-luna,modelbench/swe_fixed_team_20260903/pilot_v8/results/sphinx-doc__sphinx-8035__hetero_glm-5.3__gpt-5.6-luna/result.json,True,2,workers,Legacy final snapshots/adoption binding may be unavailable
swe_fixed_team_20260903,pilot_v8,sphinx-doc__sphinx-8035__hetero_glm-5.3__gpt-5.6-sol,modelbench/swe_fixed_team_20260903/pilot_v8/results/sphinx-doc__sphinx-8035__hetero_glm-5.3__gpt-5.6-sol/result.json,True,2,workers,Legacy final snapshots/adoption binding may be unavailable
swe_fixed_team_20260903,pilot_v8,sphinx-doc__sphinx-8035__hetero_gpt-5.6-sol__glm-5.3,modelbench/swe_fixed_team_20260903/pilot_v8/results/sphinx-doc__sphinx-8035__hetero_gpt-5.6-sol__glm-5.3/result.json,True,2,workers,Legacy final snapshots/adoption binding may be unavailable
swe_fixed_team_20260903,pilot_v8,sphinx-doc__sphinx-8035__hetero_gpt-5.6-terra__glm-5.3,modelbench/swe_fixed_team_20260903/pilot_v8/results/sphinx-doc__sphinx-8035__hetero_gpt-5.6-terra__glm-5.3/result.json,True,2,workers,Legacy final snapshots/adoption binding may be unavailable
swe_fixed_team_20260903,pilot_v8,sphinx-doc__sphinx-8035__hetero_gpt-5.6-terra__glm-5.3-flash,modelbench/swe_fixed_team_20260903/pilot_v8/results/sphinx-doc__sphinx-8035__hetero_gpt-5.6-terra__glm-5.3-flash/result.json,True,2,workers,Legacy final snapshots/adoption binding may be unavailable
swe_fixed_team_20260903,pilot_v8,sphinx-doc__sphinx-8035__hetero_gpt-5.6-terra__gpt-5.6-luna,modelbench/swe_fixed_team_20260903/pilot_v8/results/sphinx-doc__sphinx-8035__hetero_gpt-5.6-terra__gpt-5.6-luna/result.json,True,2,workers,Legacy final snapshots/adoption binding may be unavailable
swe_fixed_team_20260903,pilot_v8,sphinx-doc__sphinx-8035__solo_glm-5.3,modelbench/swe_fixed_team_20260903/pilot_v8/results/sphinx-doc__sphinx-8035__solo_glm-5.3/result.json,True,0,no_roles_instantiated,Legacy final snapshots/adoption binding may be unavailable
swe_fixed_team_20260903,pilot_v8,sphinx-doc__sphinx-8035__solo_glm-5.3-flash,modelbench/swe_fixed_team_20260903/pilot_v8/results/sphinx-doc__sphinx-8035__solo_glm-5.3-flash/result.json,True,0,no_roles_instantiated,Legacy final snapshots/adoption binding may be unavailable
swe_fixed_team_20260903,pilot_v8,sphinx-doc__sphinx-8035__solo_gpt-5.6-luna,modelbench/swe_fixed_team_20260903/pilot_v8/results/sphinx-doc__sphinx-8035__solo_gpt-5.6-luna/result.json,True,0,no_roles_instantiated,Legacy final snapshots/adoption binding may be unavailable
swe_fixed_team_20260903,pilot_v8,sphinx-doc__sphinx-8035__solo_gpt-5.6-sol,modelbench/swe_fixed_team_20260903/pilot_v8/results/sphinx-doc__sphinx-8035__solo_gpt-5.6-sol/result.json,True,0,no_roles_instantiated,Legacy final snapshots/adoption binding may be unavailable
swe_fixed_team_20260903,pilot_v8,sphinx-doc__sphinx-8035__solo_gpt-5.6-terra,modelbench/swe_fixed_team_20260903/pilot_v8/results/sphinx-doc__sphinx-8035__solo_gpt-5.6-terra/result.json,True,0,no_roles_instantiated,Legacy final snapshots/adoption binding may be unavailable
swe_fixed_team_20260903,pilot_v9,sphinx-doc__sphinx-8035__fixed_deepseek-v4-flash,modelbench/swe_fixed_team_20260903/pilot_v9/results/sphinx-doc__sphinx-8035__fixed_deepseek-v4-flash/result.json,True,2,workers,Legacy final snapshots/adoption binding may be unavailable
swe_fixed_team_20260903,pilot_v9,sphinx-doc__sphinx-8035__hetero_gpt-5.6-terra__deepseek-v4-flash,modelbench/swe_fixed_team_20260903/pilot_v9/results/sphinx-doc__sphinx-8035__hetero_gpt-5.6-terra__deepseek-v4-flash/result.json,True,2,workers,Legacy final snapshots/adoption binding may be unavailable
swe_fixed_team_20260903,pilot_v9,sphinx-doc__sphinx-8035__solo_deepseek-v4-flash,modelbench/swe_fixed_team_20260903/pilot_v9/results/sphinx-doc__sphinx-8035__solo_deepseek-v4-flash/result.json,True,0,no_roles_instantiated,Legacy final snapshots/adoption binding may be unavailable
swe_verified_20260903,pilot_v1,pallets__flask-5014__dpswarm,modelbench/swe_verified_20260903/pilot_v1/results/pallets__flask-5014__dpswarm/result.json,True,0,no_roles_instantiated,Legacy final snapshots/adoption binding may be unavailable
swe_verified_20260903,pilot_v1,pallets__flask-5014__solo,modelbench/swe_verified_20260903/pilot_v1/results/pallets__flask-5014__solo/result.json,True,0,no_roles_instantiated,Legacy final snapshots/adoption binding may be unavailable
swe_verified_20260903,pilot_v2,astropy__astropy-14995__dpswarm,modelbench/swe_verified_20260903/pilot_v2/results/astropy__astropy-14995__dpswarm/result.json,True,0,no_roles_instantiated,Legacy final snapshots/adoption binding may be unavailable
swe_verified_20260903,pilot_v2,astropy__astropy-14995__solo,modelbench/swe_verified_20260903/pilot_v2/results/astropy__astropy-14995__solo/result.json,True,0,no_roles_instantiated,Legacy final snapshots/adoption binding may be unavailable
swe_verified_20260903,pilot_v2,mwaskom__seaborn-3069__dpswarm,modelbench/swe_verified_20260903/pilot_v2/results/mwaskom__seaborn-3069__dpswarm/result.json,True,0,no_roles_instantiated,Legacy final snapshots/adoption binding may be unavailable
swe_verified_20260903,pilot_v2,mwaskom__seaborn-3069__solo,modelbench/swe_verified_20260903/pilot_v2/results/mwaskom__seaborn-3069__solo/result.json,True,0,no_roles_instantiated,Legacy final snapshots/adoption binding may be unavailable
swe_verified_20260903,pilot_v2,pallets__flask-5014__dpswarm,modelbench/swe_verified_20260903/pilot_v2/results/pallets__flask-5014__dpswarm/result.json,True,0,no_roles_instantiated,Legacy final snapshots/adoption binding may be unavailable
swe_verified_20260903,pilot_v2,pallets__flask-5014__solo,modelbench/swe_verified_20260903/pilot_v2/results/pallets__flask-5014__solo/result.json,True,0,no_roles_instantiated,Legacy final snapshots/adoption binding may be unavailable
swe_verified_20260903,pilot_v2,pydata__xarray-7229__dpswarm,modelbench/swe_verified_20260903/pilot_v2/results/pydata__xarray-7229__dpswarm/result.json,True,0,no_roles_instantiated,Legacy final snapshots/adoption binding may be unavailable
swe_verified_20260903,pilot_v2,pydata__xarray-7229__solo,modelbench/swe_verified_20260903/pilot_v2/results/pydata__xarray-7229__solo/result.json,True,0,no_roles_instantiated,Legacy final snapshots/adoption binding may be unavailable
swe_verified_20260903,pilot_v2,pytest-dev__pytest-7571__dpswarm,modelbench/swe_verified_20260903/pilot_v2/results/pytest-dev__pytest-7571__dpswarm/result.json,True,0,no_roles_instantiated,Legacy final snapshots/adoption binding may be unavailable
swe_verified_20260903,pilot_v2,pytest-dev__pytest-7571__solo,modelbench/swe_verified_20260903/pilot_v2/results/pytest-dev__pytest-7571__solo/result.json,True,0,no_roles_instantiated,Legacy final snapshots/adoption binding may be unavailable
team_eval20260903,native_followup,INT1_pipeline_repair__native_team__glm-5.3,modelbench/team_eval20260903/native_followup/results/INT1_pipeline_repair__native_team__glm-5.3/result.json,True,3,phases,No isolated per-role patch for scripted phases
team_eval20260903,native_followup,INT1_pipeline_repair__native_team__glm-5.3-flash,modelbench/team_eval20260903/native_followup/results/INT1_pipeline_repair__native_team__glm-5.3-flash/result.json,True,5,phases,No isolated per-role patch for scripted phases
team_eval20260903,native_followup,SPEC5_config_system__native_team__glm-5.3,modelbench/team_eval20260903/native_followup/results/SPEC5_config_system__native_team__glm-5.3/result.json,True,5,phases,No isolated per-role patch for scripted phases
team_eval20260903,native_followup,SPEC5_config_system__native_team__glm-5.3-flash,modelbench/team_eval20260903/native_followup/results/SPEC5_config_system__native_team__glm-5.3-flash/result.json,True,5,phases,No isolated per-role patch for scripted phases
team_eval20260903,main,INT1_pipeline_repair__solo__gpt-5.6-sol,modelbench/team_eval20260903/results/INT1_pipeline_repair__solo__gpt-5.6-sol/result.json,True,1,phases,No isolated per-role patch for scripted phases
team_eval20260903,main,INT1_pipeline_repair__team__glm-5.3,modelbench/team_eval20260903/results/INT1_pipeline_repair__team__glm-5.3/result.json,True,5,phases,No isolated per-role patch for scripted phases
team_eval20260903,main,INT1_pipeline_repair__team__glm-5.3-flash,modelbench/team_eval20260903/results/INT1_pipeline_repair__team__glm-5.3-flash/result.json,True,5,phases,No isolated per-role patch for scripted phases
team_eval20260903,main,INT1_pipeline_repair__team__gpt-5.6-luna,modelbench/team_eval20260903/results/INT1_pipeline_repair__team__gpt-5.6-luna/result.json,True,3,phases,No isolated per-role patch for scripted phases
team_eval20260903,main,INT1_pipeline_repair__team__gpt-5.6-sol,modelbench/team_eval20260903/results/INT1_pipeline_repair__team__gpt-5.6-sol/result.json,True,3,phases,No isolated per-role patch for scripted phases
team_eval20260903,main,INT1_pipeline_repair__team__gpt-5.6-terra,modelbench/team_eval20260903/results/INT1_pipeline_repair__team__gpt-5.6-terra/result.json,True,3,phases,No isolated per-role patch for scripted phases
team_eval20260903,main,SPEC5_config_system__solo__gpt-5.6-sol,modelbench/team_eval20260903/results/SPEC5_config_system__solo__gpt-5.6-sol/result.json,True,1,phases,No isolated per-role patch for scripted phases
team_eval20260903,main,SPEC5_config_system__team__glm-5.3,modelbench/team_eval20260903/results/SPEC5_config_system__team__glm-5.3/result.json,True,5,phases,No isolated per-role patch for scripted phases
team_eval20260903,main,SPEC5_config_system__team__glm-5.3-flash,modelbench/team_eval20260903/results/SPEC5_config_system__team__glm-5.3-flash/result.json,True,5,phases,No isolated per-role patch for scripted phases
team_eval20260903,main,SPEC5_config_system__team__gpt-5.6-luna,modelbench/team_eval20260903/results/SPEC5_config_system__team__gpt-5.6-luna/result.json,True,3,phases,No isolated per-role patch for scripted phases
team_eval20260903,main,SPEC5_config_system__team__gpt-5.6-sol,modelbench/team_eval20260903/results/SPEC5_config_system__team__gpt-5.6-sol/result.json,True,5,phases,No isolated per-role patch for scripted phases
team_eval20260903,main,SPEC5_config_system__team__gpt-5.6-terra,modelbench/team_eval20260903/results/SPEC5_config_system__team__gpt-5.6-terra/result.json,True,3,phases,No isolated per-role patch for scripted phases
team_runtime_v2,regression_20260903_v2,INT1_pipeline_repair__v2__glm-5.3-flash__r1,modelbench/team_runtime_v2/regression_20260903_v2/results/INT1_pipeline_repair__v2__glm-5.3-flash__r1/result.json,True,5,phases,No isolated per-role patch for scripted phases
team_runtime_v2,regression_20260903_v2,INT1_pipeline_repair__v2__glm-5.3__r2,modelbench/team_runtime_v2/regression_20260903_v2/results/INT1_pipeline_repair__v2__glm-5.3__r2/result.json,True,5,phases,No isolated per-role patch for scripted phases
team_runtime_v2,regression_20260903_v2,SPEC5_config_system__v2__glm-5.3-flash__r1,modelbench/team_runtime_v2/regression_20260903_v2/results/SPEC5_config_system__v2__glm-5.3-flash__r1/result.json,True,1,phases,No isolated per-role patch for scripted phases
team_runtime_v2,regression_20260903_v2,SPEC5_config_system__v2__glm-5.3-flash__r2,modelbench/team_runtime_v2/regression_20260903_v2/results/SPEC5_config_system__v2__glm-5.3-flash__r2/result.json,True,1,phases,No isolated per-role patch for scripted phases
team_runtime_v2,regression_20260903_v2,SPEC5_config_system__v2__glm-5.3__r1,modelbench/team_runtime_v2/regression_20260903_v2/results/SPEC5_config_system__v2__glm-5.3__r1/result.json,True,5,phases,No isolated per-role patch for scripted phases
team_runtime_v2,regression_20260903_v2,SPEC5_config_system__v2__glm-5.3__r2,modelbench/team_runtime_v2/regression_20260903_v2/results/SPEC5_config_system__v2__glm-5.3__r2/result.json,True,1,phases,No isolated per-role patch for scripted phases
team_runtime_v2,regression_budget_visible_20260903,INT1_pipeline_repair__budget_visible__glm-5.3-flash__r1,modelbench/team_runtime_v2/regression_budget_visible_20260903/results/INT1_pipeline_repair__budget_visible__glm-5.3-flash__r1/result.json,True,3,phases,No isolated per-role patch for scripted phases
team_runtime_v2,regression_budget_visible_20260903,INT1_pipeline_repair__budget_visible__glm-5.3__r1,modelbench/team_runtime_v2/regression_budget_visible_20260903/results/INT1_pipeline_repair__budget_visible__glm-5.3__r1/result.json,True,5,phases,No isolated per-role patch for scripted phases
team_runtime_v2,regression_budget_visible_20260903,SPEC5_config_system__budget_visible__glm-5.3-flash__r1,modelbench/team_runtime_v2/regression_budget_visible_20260903/results/SPEC5_config_system__budget_visible__glm-5.3-flash__r1/result.json,True,3,phases,No isolated per-role patch for scripted phases
team_runtime_v2,regression_budget_visible_20260903,SPEC5_config_system__budget_visible__glm-5.3__r1,modelbench/team_runtime_v2/regression_budget_visible_20260903/results/SPEC5_config_system__budget_visible__glm-5.3__r1/result.json,True,3,phases,No isolated per-role patch for scripted phases
results,prototype_logpipe_round1,A6-logpipe-20260903_013825,modelbench/results/runs.jsonl#line=1,False,0,root_or_prototype_only,Prototype JSONL has root-level evidence only; no per-role attribution recovered
results,prototype_logpipe_round1,A2-logpipe-20260903_013825,modelbench/results/runs.jsonl#line=2,False,0,root_or_prototype_only,Prototype JSONL has root-level evidence only; no per-role attribution recovered
results,prototype_logpipe_round1,A3-logpipe-20260903_014428,modelbench/results/runs.jsonl#line=3,False,0,root_or_prototype_only,Prototype JSONL has root-level evidence only; no per-role attribution recovered
results,prototype_logpipe_round1,A1-logpipe-20260903_013825,modelbench/results/runs.jsonl#line=4,False,0,root_or_prototype_only,Prototype JSONL has root-level evidence only; no per-role attribution recovered
results,prototype_logpipe_round1,A5-logpipe-20260903_014929,modelbench/results/runs.jsonl#line=5,False,0,root_or_prototype_only,Prototype JSONL has root-level evidence only; no per-role attribution recovered
results,prototype_logpipe_round1,A4-logpipe-20260903_015018,modelbench/results/runs.jsonl#line=6,False,0,root_or_prototype_only,Prototype JSONL has root-level evidence only; no per-role attribution recovered
results,prototype_logpipe_round2_unclosed,A4-logpipe-20260903_020712,modelbench/logs/A4-logpipe-20260903_020712.jsonl,False,0,root_or_prototype_only,Prototype JSONL has root-level evidence only; no per-role attribution recovered
results,prototype_logpipe_round2_unclosed,A5-logpipe-20260903_020712,modelbench/logs/A5-logpipe-20260903_020712.jsonl,False,0,root_or_prototype_only,Prototype JSONL has root-level evidence only; no per-role attribution recovered
results,prototype_logpipe_round2_unclosed,A6-logpipe-20260903_020712,modelbench/logs/A6-logpipe-20260903_020712.jsonl,False,0,root_or_prototype_only,Prototype JSONL has root-level evidence only; no per-role attribution recovered
A1,a1-v2,a1-01-D,modelbench\minimal_value_20260905\batches\a1-v2\results\a1-01-D\episode_result.json,True,1,detailed_worker_audit,Test-body observations are subset-only; unknown evidence remains blank
A1,a1-v2,a1-01-L,modelbench\minimal_value_20260905\batches\a1-v2\results\a1-01-L\episode_result.json,True,0,root_only_no_audited_worker,Test-body observations are subset-only; unknown evidence remains blank
A1,a1-v2,a1-01-R2,modelbench\minimal_value_20260905\batches\a1-v2\results\a1-01-R2\episode_result.json,True,0,root_only_no_audited_worker,Test-body observations are subset-only; unknown evidence remains blank
A1,a1-v2,a1-01-S,modelbench\minimal_value_20260905\batches\a1-v2\results\a1-01-S\episode_result.json,True,0,root_only_no_audited_worker,Test-body observations are subset-only; unknown evidence remains blank
A1,a1-v2,a1-01-T,modelbench\minimal_value_20260905\batches\a1-v2\results\a1-01-T\episode_result.json,True,2,detailed_worker_audit,Test-body observations are subset-only; unknown evidence remains blank
A1,a1-v2,a1-02-D,modelbench\minimal_value_20260905\batches\a1-v2\results\a1-02-D\episode_result.json,True,1,detailed_worker_audit,Test-body observations are subset-only; unknown evidence remains blank
A1,a1-v2,a1-02-L,modelbench\minimal_value_20260905\batches\a1-v2\results\a1-02-L\episode_result.json,True,0,root_only_no_audited_worker,Test-body observations are subset-only; unknown evidence remains blank
A1,a1-v2,a1-02-R2,modelbench\minimal_value_20260905\batches\a1-v2\results\a1-02-R2\episode_result.json,True,0,root_only_no_audited_worker,Test-body observations are subset-only; unknown evidence remains blank
A1,a1-v2,a1-02-S,modelbench\minimal_value_20260905\batches\a1-v2\results\a1-02-S\episode_result.json,True,0,root_only_no_audited_worker,Test-body observations are subset-only; unknown evidence remains blank
A1,a1-v2,a1-02-T,modelbench\minimal_value_20260905\batches\a1-v2\results\a1-02-T\episode_result.json,True,2,detailed_worker_audit,Test-body observations are subset-only; unknown evidence remains blank
A2,a2-v1,a2-01-D,modelbench\minimal_value_20260905\batches\a2-v1\results\a2-01-D\episode_result.json,True,1,detailed_worker_audit,Test-body observations are subset-only; unknown evidence remains blank
A2,a2-v1,a2-01-T,modelbench\minimal_value_20260905\batches\a2-v1\results\a2-01-T\episode_result.json,True,2,detailed_worker_audit,Test-body observations are subset-only; unknown evidence remains blank
A2,a2-v1,a2-01-S,modelbench\minimal_value_20260905\batches\a2-v1\results\a2-01-S\episode_result.json,True,0,root_only_no_audited_worker,Test-body observations are subset-only; unknown evidence remains blank
A2,a2-v1,a2-01-L,modelbench\minimal_value_20260905\batches\a2-v1\results\a2-01-L\episode_result.json,True,0,root_only_no_audited_worker,Test-body observations are subset-only; unknown evidence remains blank
A2,a2-v1,a2-01-R2,modelbench\minimal_value_20260905\batches\a2-v1\results\a2-01-R2\episode_result.json,True,0,root_only_no_audited_worker,Test-body observations are subset-only; unknown evidence remains blank
A2,a2-v1,a2-02-T,modelbench\minimal_value_20260905\batches\a2-v1\results\a2-02-T\episode_result.json,True,2,detailed_worker_audit,Test-body observations are subset-only; unknown evidence remains blank
A2,a2-v1,a2-02-S,modelbench\minimal_value_20260905\batches\a2-v1\results\a2-02-S\episode_result.json,True,0,root_only_no_audited_worker,Test-body observations are subset-only; unknown evidence remains blank
A2,a2-v1,a2-02-L,modelbench\minimal_value_20260905\batches\a2-v1\results\a2-02-L\episode_result.json,True,0,root_only_no_audited_worker,Test-body observations are subset-only; unknown evidence remains blank
A2,a2-v1,a2-02-R2,modelbench\minimal_value_20260905\batches\a2-v1\results\a2-02-R2\episode_result.json,True,0,root_only_no_audited_worker,Test-body observations are subset-only; unknown evidence remains blank
A2,a2-v1,a2-02-D,modelbench\minimal_value_20260905\batches\a2-v1\results\a2-02-D\episode_result.json,True,1,detailed_worker_audit,Test-body observations are subset-only; unknown evidence remains blank
A2,a2-v1,a2-03-S,modelbench\minimal_value_20260905\batches\a2-v1\results\a2-03-S\episode_result.json,True,0,root_only_no_audited_worker,Test-body observations are subset-only; unknown evidence remains blank
A2,a2-v1,a2-03-L,modelbench\minimal_value_20260905\batches\a2-v1\results\a2-03-L\episode_result.json,True,0,root_only_no_audited_worker,Test-body observations are subset-only; unknown evidence remains blank
A2,a2-recovery-b-v1,a2-03-R2,modelbench\minimal_value_20260905\operations\a2-sampling-incident-v1\salvage\results\a2-03-R2\episode_result.json,True,0,root_only_no_audited_worker,Test-body observations are subset-only; unknown evidence remains blank
A2,a2-recovery-b-v1,a2-03-D,modelbench\minimal_value_20260905\operations\a2-sampling-incident-v1\salvage\results\a2-03-D\episode_result.json,True,1,detailed_worker_audit,Test-body observations are subset-only; unknown evidence remains blank
A2,a2-recovery-b-v1,a2-03-T,modelbench\minimal_value_20260905\operations\a2-sampling-incident-v1\salvage\results\a2-03-T\episode_result.json,True,2,detailed_worker_audit,Test-body observations are subset-only; unknown evidence remains blank
A2,a2-recovery-b-v1,a2-04-L,modelbench\minimal_value_20260905\operations\a2-sampling-incident-v1\salvage\results\a2-04-L\episode_result.json,True,0,root_only_no_audited_worker,Test-body observations are subset-only; unknown evidence remains blank
A2,a2-recovery-b-v1,a2-04-R2,modelbench\minimal_value_20260905\operations\a2-sampling-incident-v1\salvage\results\a2-04-R2\episode_result.json,True,0,root_only_no_audited_worker,Test-body observations are subset-only; unknown evidence remains blank
A2,a2-recovery-b-v1,a2-04-D,modelbench\minimal_value_20260905\operations\a2-sampling-incident-v1\salvage\results\a2-04-D\episode_result.json,True,1,detailed_worker_audit,Test-body observations are subset-only; unknown evidence remains blank
A2,a2-recovery-b-v1,a2-04-T,modelbench\minimal_value_20260905\operations\a2-sampling-incident-v1\salvage\results\a2-04-T\episode_result.json,True,2,detailed_worker_audit,Test-body observations are subset-only; unknown evidence remains blank
A2,a2-recovery-b-v1,a2-04-S,modelbench\minimal_value_20260905\operations\a2-sampling-incident-v1\salvage\results\a2-04-S\episode_result.json,True,0,root_only_no_audited_worker,Test-body observations are subset-only; unknown evidence remains blank
A2,a2-recovery-b-v1,a2-05-D,modelbench\minimal_value_20260905\operations\a2-sampling-incident-v1\salvage\results\a2-05-D\episode_result.json,True,1,detailed_worker_audit,Test-body observations are subset-only; unknown evidence remains blank
A2,a2-resume-v2,a2-05-L,modelbench\minimal_value_20260905\batches\a2-resume-v2\results\a2-05-L\episode_result.json,True,0,root_only_no_audited_worker,Test-body observations are subset-only; unknown evidence remains blank
A2,a2-resume-v2,a2-06-D,modelbench\minimal_value_20260905\batches\a2-resume-v2\results\a2-06-D\episode_result.json,True,1,detailed_worker_audit,Test-body observations are subset-only; unknown evidence remains blank
A2,a2-resume-v2,a2-06-T,modelbench\minimal_value_20260905\batches\a2-resume-v2\results\a2-06-T\episode_result.json,True,2,detailed_worker_audit,Test-body observations are subset-only; unknown evidence remains blank
A2,a2-resume-v2,a2-06-S,modelbench\minimal_value_20260905\batches\a2-resume-v2\results\a2-06-S\episode_result.json,True,0,root_only_no_audited_worker,Test-body observations are subset-only; unknown evidence remains blank
A2,a2-resume-v2,a2-06-L,modelbench\minimal_value_20260905\batches\a2-resume-v2\results\a2-06-L\episode_result.json,True,0,root_only_no_audited_worker,Test-body observations are subset-only; unknown evidence remains blank
A2,a2-resume-v2,a2-06-R2,modelbench\minimal_value_20260905\batches\a2-resume-v2\results\a2-06-R2\episode_result.json,True,0,root_only_no_audited_worker,Test-body observations are subset-only; unknown evidence remains blank
A2,a2-resume-v2,a2-07-T,modelbench\minimal_value_20260905\batches\a2-resume-v2\results\a2-07-T\episode_result.json,True,2,detailed_worker_audit,Test-body observations are subset-only; unknown evidence remains blank
A2,a2-resume-v2,a2-07-S,modelbench\minimal_value_20260905\batches\a2-resume-v2\results\a2-07-S\episode_result.json,True,0,root_only_no_audited_worker,Test-body observations are subset-only; unknown evidence remains blank
A2,a2-resume-v2,a2-07-L,modelbench\minimal_value_20260905\batches\a2-resume-v2\results\a2-07-L\episode_result.json,True,0,root_only_no_audited_worker,Test-body observations are subset-only; unknown evidence remains blank
A2,a2-resume-v2,a2-07-R2,modelbench\minimal_value_20260905\batches\a2-resume-v2\results\a2-07-R2\episode_result.json,True,0,root_only_no_audited_worker,Test-body observations are subset-only; unknown evidence remains blank
A2,a2-resume-v2,a2-07-D,modelbench\minimal_value_20260905\batches\a2-resume-v2\results\a2-07-D\episode_result.json,True,1,detailed_worker_audit,Test-body observations are subset-only; unknown evidence remains blank
A2,a2-resume-v2,a2-08-S,modelbench\minimal_value_20260905\batches\a2-resume-v2\results\a2-08-S\episode_result.json,True,0,root_only_no_audited_worker,Test-body observations are subset-only; unknown evidence remains blank
A2,a2-resume-v2,a2-08-L,modelbench\minimal_value_20260905\operations\a2-stats-incident-v1\salvage\results\a2-08-L\episode_result.json,True,0,root_only_no_audited_worker,Test-body observations are subset-only; unknown evidence remains blank
A2,a2-resume-v2,a2-08-R2,modelbench\minimal_value_20260905\operations\a2-stats-incident-v1\salvage\results\a2-08-R2\episode_result.json,True,0,root_only_no_audited_worker,Test-body observations are subset-only; unknown evidence remains blank
A2,a2-resume-v2,a2-08-D,modelbench\minimal_value_20260905\operations\a2-stats-incident-v1\salvage\results\a2-08-D\episode_result.json,True,1,detailed_worker_audit,Test-body observations are subset-only; unknown evidence remains blank
A2,a2-resume-v2,a2-08-T,modelbench\minimal_value_20260905\operations\a2-stats-incident-v1\salvage\results\a2-08-T\episode_result.json,True,2,detailed_worker_audit,Test-body observations are subset-only; unknown evidence remains blank
A2,a2-resume-v2,a2-09-L,modelbench\minimal_value_20260905\operations\a2-stats-incident-v1\salvage\results\a2-09-L\episode_result.json,True,0,root_only_no_audited_worker,Test-body observations are subset-only; unknown evidence remains blank
A2,a2-resume-v2,a2-09-R2,modelbench\minimal_value_20260905\operations\a2-stats-incident-v1\salvage\results\a2-09-R2\episode_result.json,True,0,root_only_no_audited_worker,Test-body observations are subset-only; unknown evidence remains blank
A2,a2-resume-v2,a2-10-R2,modelbench\minimal_value_20260905\operations\a2-stats-incident-v1\salvage\results\a2-10-R2\episode_result.json,True,0,root_only_no_audited_worker,Test-body observations are subset-only; unknown evidence remains blank
A2,a2-resume-v3,a2-10-T,modelbench\minimal_value_20260905\batches\a2-resume-v3\results\a2-10-T\episode_result.json,True,2,detailed_worker_audit,Test-body observations are subset-only; unknown evidence remains blank
A2,a2-resume-v3,a2-10-S,modelbench\minimal_value_20260905\batches\a2-resume-v3\results\a2-10-S\episode_result.json,True,0,root_only_no_audited_worker,Test-body observations are subset-only; unknown evidence remains blank
A2,a2-resume-v3,a2-10-L,modelbench\minimal_value_20260905\batches\a2-resume-v3\results\a2-10-L\episode_result.json,True,0,root_only_no_audited_worker,Test-body observations are subset-only; unknown evidence remains blank
A2,a2-resume-v3,a2-11-D,modelbench\minimal_value_20260905\batches\a2-resume-v3\results\a2-11-D\episode_result.json,True,1,detailed_worker_audit,Test-body observations are subset-only; unknown evidence remains blank
A2,a2-resume-v3,a2-11-T,modelbench\minimal_value_20260905\batches\a2-resume-v3\results\a2-11-T\episode_result.json,True,2,detailed_worker_audit,Test-body observations are subset-only; unknown evidence remains blank
A2,a2-resume-v3,a2-11-S,modelbench\minimal_value_20260905\batches\a2-resume-v3\results\a2-11-S\episode_result.json,True,0,root_only_no_audited_worker,Test-body observations are subset-only; unknown evidence remains blank
A2,a2-resume-v3,a2-11-L,modelbench\minimal_value_20260905\batches\a2-resume-v3\results\a2-11-L\episode_result.json,True,0,root_only_no_audited_worker,Test-body observations are subset-only; unknown evidence remains blank
A2,a2-resume-v3,a2-11-R2,modelbench\minimal_value_20260905\batches\a2-resume-v3\results\a2-11-R2\episode_result.json,True,0,root_only_no_audited_worker,Test-body observations are subset-only; unknown evidence remains blank
A2,a2-resume-v3,a2-12-T,modelbench\minimal_value_20260905\batches\a2-resume-v3\results\a2-12-T\episode_result.json,True,2,detailed_worker_audit,Test-body observations are subset-only; unknown evidence remains blank
A2,a2-resume-v3,a2-12-S,modelbench\minimal_value_20260905\batches\a2-resume-v3\results\a2-12-S\episode_result.json,True,0,root_only_no_audited_worker,Test-body observations are subset-only; unknown evidence remains blank
A2,a2-resume-v3,a2-12-L,modelbench\minimal_value_20260905\batches\a2-resume-v3\results\a2-12-L\episode_result.json,True,0,root_only_no_audited_worker,Test-body observations are subset-only; unknown evidence remains blank
A2,a2-resume-v3,a2-12-R2,modelbench\minimal_value_20260905\batches\a2-resume-v3\results\a2-12-R2\episode_result.json,True,0,root_only_no_audited_worker,Test-body observations are subset-only; unknown evidence remains blank
A2,a2-resume-v3,a2-12-D,modelbench\minimal_value_20260905\batches\a2-resume-v3\results\a2-12-D\episode_result.json,True,1,detailed_worker_audit,Test-body observations are subset-only; unknown evidence remains blank
A2,a2-resume-v3,a2-13-S,modelbench\minimal_value_20260905\batches\a2-resume-v3\results\a2-13-S\episode_result.json,True,0,root_only_no_audited_worker,Test-body observations are subset-only; unknown evidence remains blank
A2,a2-resume-v3,a2-13-L,modelbench\minimal_value_20260905\batches\a2-resume-v3\results\a2-13-L\episode_result.json,True,0,root_only_no_audited_worker,Test-body observations are subset-only; unknown evidence remains blank
A2,a2-resume-v3,a2-13-R2,modelbench\minimal_value_20260905\batches\a2-resume-v3\results\a2-13-R2\episode_result.json,True,0,root_only_no_audited_worker,Test-body observations are subset-only; unknown evidence remains blank
A2,a2-resume-v3,a2-13-D,modelbench\minimal_value_20260905\batches\a2-resume-v3\results\a2-13-D\episode_result.json,True,1,detailed_worker_audit,Test-body observations are subset-only; unknown evidence remains blank
A2,a2-resume-v3,a2-13-T,modelbench\minimal_value_20260905\batches\a2-resume-v3\results\a2-13-T\episode_result.json,True,2,detailed_worker_audit,Test-body observations are subset-only; unknown evidence remains blank
A2,a2-resume-v3,a2-14-L,modelbench\minimal_value_20260905\batches\a2-resume-v3\results\a2-14-L\episode_result.json,True,0,root_only_no_audited_worker,Test-body observations are subset-only; unknown evidence remains blank
A2,a2-resume-v3,a2-14-R2,modelbench\minimal_value_20260905\batches\a2-resume-v3\results\a2-14-R2\episode_result.json,True,0,root_only_no_audited_worker,Test-body observations are subset-only; unknown evidence remains blank
A2,a2-resume-v3,a2-14-D,modelbench\minimal_value_20260905\batches\a2-resume-v3\results\a2-14-D\episode_result.json,True,1,detailed_worker_audit,Test-body observations are subset-only; unknown evidence remains blank
A2,a2-resume-v3,a2-14-T,modelbench\minimal_value_20260905\batches\a2-resume-v3\results\a2-14-T\episode_result.json,True,2,detailed_worker_audit,Test-body observations are subset-only; unknown evidence remains blank
A2,a2-resume-v3,a2-14-S,modelbench\minimal_value_20260905\batches\a2-resume-v3\results\a2-14-S\episode_result.json,True,0,root_only_no_audited_worker,Test-body observations are subset-only; unknown evidence remains blank
A2,a2-resume-v3,a2-15-R2,modelbench\minimal_value_20260905\batches\a2-resume-v3\results\a2-15-R2\episode_result.json,True,0,root_only_no_audited_worker,Test-body observations are subset-only; unknown evidence remains blank
A2,a2-resume-v3,a2-15-D,modelbench\minimal_value_20260905\batches\a2-resume-v3\results\a2-15-D\episode_result.json,True,1,detailed_worker_audit,Test-body observations are subset-only; unknown evidence remains blank
A2,a2-resume-v3,a2-15-T,modelbench\minimal_value_20260905\batches\a2-resume-v3\results\a2-15-T\episode_result.json,True,2,detailed_worker_audit,Test-body observations are subset-only; unknown evidence remains blank
A2,a2-resume-v3,a2-15-S,modelbench\minimal_value_20260905\batches\a2-resume-v3\results\a2-15-S\episode_result.json,True,0,root_only_no_audited_worker,Test-body observations are subset-only; unknown evidence remains blank
A2,a2-resume-v3,a2-15-L,modelbench\minimal_value_20260905\batches\a2-resume-v3\results\a2-15-L\episode_result.json,True,0,root_only_no_audited_worker,Test-body observations are subset-only; unknown evidence remains blank
A2,a2-resume-v3,a2-16-D,modelbench\minimal_value_20260905\batches\a2-resume-v3\results\a2-16-D\episode_result.json,True,1,detailed_worker_audit,Test-body observations are subset-only; unknown evidence remains blank
A2,a2-resume-v3,a2-16-T,modelbench\minimal_value_20260905\batches\a2-resume-v3\results\a2-16-T\episode_result.json,True,2,detailed_worker_audit,Test-body observations are subset-only; unknown evidence remains blank
A2,a2-resume-v3,a2-16-S,modelbench\minimal_value_20260905\batches\a2-resume-v3\results\a2-16-S\episode_result.json,True,0,root_only_no_audited_worker,Test-body observations are subset-only; unknown evidence remains blank
A2,a2-resume-v3,a2-16-L,modelbench\minimal_value_20260905\batches\a2-resume-v3\results\a2-16-L\episode_result.json,True,0,root_only_no_audited_worker,Test-body observations are subset-only; unknown evidence remains blank
A2,a2-resume-v3,a2-16-R2,modelbench\minimal_value_20260905\batches\a2-resume-v3\results\a2-16-R2\episode_result.json,True,0,root_only_no_audited_worker,Test-body observations are subset-only; unknown evidence remains blank
A2,a2-backfill-v1,a2-05-R2,modelbench\minimal_value_20260905\batches\a2-backfill-v1\results\a2-05-R2\episode_result.json,True,0,root_only_no_audited_worker,Test-body observations are subset-only; unknown evidence remains blank
A2,a2-backfill-v1,a2-05-T,modelbench\minimal_value_20260905\batches\a2-backfill-v1\results\a2-05-T\episode_result.json,True,2,detailed_worker_audit,Test-body observations are subset-only; unknown evidence remains blank
A2,a2-backfill-v1,a2-05-S,modelbench\minimal_value_20260905\batches\a2-backfill-v1\results\a2-05-S\episode_result.json,True,0,root_only_no_audited_worker,Test-body observations are subset-only; unknown evidence remains blank
A2,a2-backfill-v1,a2-09-D,modelbench\minimal_value_20260905\batches\a2-backfill-v1\results\a2-09-D\episode_result.json,True,1,detailed_worker_audit,Test-body observations are subset-only; unknown evidence remains blank
A2,a2-backfill-v1,a2-09-T,modelbench\minimal_value_20260905\batches\a2-backfill-v1\results\a2-09-T\episode_result.json,True,2,detailed_worker_audit,Test-body observations are subset-only; unknown evidence remains blank
A2,a2-backfill-v1,a2-09-S,modelbench\minimal_value_20260905\batches\a2-backfill-v1\results\a2-09-S\episode_result.json,True,0,root_only_no_audited_worker,Test-body observations are subset-only; unknown evidence remains blank
A2,a2-backfill-v1,a2-10-D,modelbench\minimal_value_20260905\batches\a2-backfill-v1\results\a2-10-D\episode_result.json,True,1,detailed_worker_audit,Test-body observations are subset-only; unknown evidence remains blank
B1,b1-coding-continuation-v1,b1-r1-q05-D00,modelbench\big_budget_team_20260906\batches\b1-coding-continuation-v1\results\b1-r1-q05-D00\episode_result.json,True,1,detailed_worker_audit,Test-body observations are subset-only; unknown evidence remains blank
B1,b1-coding-continuation-v1,b1-r1-q05-D11,modelbench\big_budget_team_20260906\batches\b1-coding-continuation-v1\results\b1-r1-q05-D11\episode_result.json,True,1,detailed_worker_audit,Test-body observations are subset-only; unknown evidence remains blank
B1,b1-coding-continuation-v1,b1-r1-q05-F-S,modelbench\big_budget_team_20260906\batches\b1-coding-continuation-v1\results\b1-r1-q05-F-S\episode_result.json,True,0,root_only_no_audited_worker,Test-body observations are subset-only; unknown evidence remains blank
B1,b1-coding-continuation-v1,b1-r1-q05-F-T,modelbench\big_budget_team_20260906\batches\b1-coding-continuation-v1\results\b1-r1-q05-F-T\episode_result.json,True,2,detailed_worker_audit,Test-body observations are subset-only; unknown evidence remains blank
B1,b1-coding-continuation-v1,b1-r1-q05-S-FF,modelbench\big_budget_team_20260906\batches\b1-coding-continuation-v1\results\b1-r1-q05-S-FF\episode_result.json,True,2,detailed_worker_audit,Test-body observations are subset-only; unknown evidence remains blank
B1,b1-coding-continuation-v1,b1-r1-q05-S-S,modelbench\big_budget_team_20260906\batches\b1-coding-continuation-v1\results\b1-r1-q05-S-S\episode_result.json,True,0,root_only_no_audited_worker,Test-body observations are subset-only; unknown evidence remains blank
B1,b1-coding-continuation-v1,b1-r1-q05-T00,modelbench\big_budget_team_20260906\batches\b1-coding-continuation-v1\results\b1-r1-q05-T00\episode_result.json,True,2,detailed_worker_audit,Test-body observations are subset-only; unknown evidence remains blank
B1,b1-coding-continuation-v1,b1-r1-q05-T01,modelbench\big_budget_team_20260906\batches\b1-coding-continuation-v1\results\b1-r1-q05-T01\episode_result.json,True,2,detailed_worker_audit,Test-body observations are subset-only; unknown evidence remains blank
B1,b1-coding-continuation-v1,b1-r1-q05-T10,modelbench\big_budget_team_20260906\batches\b1-coding-continuation-v1\results\b1-r1-q05-T10\episode_result.json,True,2,detailed_worker_audit,Test-body observations are subset-only; unknown evidence remains blank
B1,b1-coding-continuation-v1,b1-r1-q05-T11,modelbench\big_budget_team_20260906\batches\b1-coding-continuation-v1\results\b1-r1-q05-T11\episode_result.json,True,2,detailed_worker_audit,Test-body observations are subset-only; unknown evidence remains blank
B1,b1-mvp-six-v1,b1-r1-q04-S-S,modelbench\big_budget_team_20260906\batches\b1-mvp-six-v1\results\b1-r1-q04-S-S\episode_result.json,True,0,root_only_no_audited_worker,Test-body observations are subset-only; unknown evidence remains blank
B1,b1-mvp-six-v1,b1-r1-q04-T00,modelbench\big_budget_team_20260906\batches\b1-mvp-six-v1\results\b1-r1-q04-T00\episode_result.json,True,2,detailed_worker_audit,Test-body observations are subset-only; unknown evidence remains blank
B1,b1-mvp-six-v1,b1-r1-q04-T11,modelbench\big_budget_team_20260906\batches\b1-mvp-six-v1\results\b1-r1-q04-T11\episode_result.json,True,2,detailed_worker_audit,Test-body observations are subset-only; unknown evidence remains blank
B1,b1-mvp-six-v1,b1-r1-q06-S-S,modelbench\big_budget_team_20260906\batches\b1-mvp-six-v1\results\b1-r1-q06-S-S\episode_result.json,True,0,root_only_no_audited_worker,Test-body observations are subset-only; unknown evidence remains blank
B1,b1-mvp-six-v1,b1-r1-q06-T00,modelbench\big_budget_team_20260906\batches\b1-mvp-six-v1\results\b1-r1-q06-T00\episode_result.json,True,2,detailed_worker_audit,Test-body observations are subset-only; unknown evidence remains blank
B1,b1-mvp-six-v1,b1-r1-q06-T11,modelbench\big_budget_team_20260906\batches\b1-mvp-six-v1\results\b1-r1-q06-T11\episode_result.json,True,2,detailed_worker_audit,Test-body observations are subset-only; unknown evidence remains blank
B1,b1-stream-continuation-v1,b1-r1-q06-F-T,,False,0,source_result_missing,"Source result missing; interrupted attempt accounting retained from prior audit, no original result read"
B1,b1-stream-continuation-v1,b1-r1-q06-T01,modelbench\big_budget_team_20260906\batches\b1-stream-continuation-v1\results\b1-r1-q06-T01\episode_result.json,True,2,detailed_worker_audit,Test-body observations are subset-only; unknown evidence remains blank
B1,b1-stream-continuation-v1,b1-r1-q06-T11,,False,0,source_result_missing,"Source result missing; interrupted attempt accounting retained from prior audit, no original result read"
B1,b1-v1,b1-r1-q06-D00,modelbench\big_budget_team_20260906\batches\b1-v1\results\b1-r1-q06-D00\episode_result.json,True,1,detailed_worker_audit,Test-body observations are subset-only; unknown evidence remains blank
B1,b1-v1,b1-r1-q06-D11,modelbench\big_budget_team_20260906\batches\b1-v1\results\b1-r1-q06-D11\episode_result.json,True,1,detailed_worker_audit,Test-body observations are subset-only; unknown evidence remains blank
B1,b1-v1,b1-r1-q06-F-S,modelbench\big_budget_team_20260906\batches\b1-v1\results\b1-r1-q06-F-S\episode_result.json,True,0,root_only_no_audited_worker,Test-body observations are subset-only; unknown evidence remains blank
B1,b1-v1,b1-r1-q06-S-FF,modelbench\big_budget_team_20260906\batches\b1-v1\results\b1-r1-q06-S-FF\episode_result.json,True,2,detailed_worker_audit,Test-body observations are subset-only; unknown evidence remains blank
B1,b1-v1,b1-r1-q06-S-S,modelbench\big_budget_team_20260906\batches\b1-v1\results\b1-r1-q06-S-S\episode_result.json,True,0,root_only_no_audited_worker,Test-body observations are subset-only; unknown evidence remains blank
B1,b1-v1,b1-r1-q06-T00,modelbench\big_budget_team_20260906\batches\b1-v1\results\b1-r1-q06-T00\episode_result.json,True,2,detailed_worker_audit,Test-body observations are subset-only; unknown evidence remains blank
B1,b1-v1,b1-r1-q06-T10,modelbench\big_budget_team_20260906\batches\b1-v1\results\b1-r1-q06-T10\episode_result.json,True,2,detailed_worker_audit,Test-body observations are subset-only; unknown evidence remains blank
C1,c1-v1,c1-01-FCM_ON-r1,modelbench\mechanism_ablation_20260906\batches\c1-v1\results\c1-01-FCM_ON-r1\episode_result.json,True,2,detailed_worker_audit,Test-body observations are subset-only; unknown evidence remains blank
C1,c1-v1,c1-02-FCM_OFF-r1,modelbench\mechanism_ablation_20260906\batches\c1-v1\results\c1-02-FCM_OFF-r1\episode_result.json,True,2,detailed_worker_audit,Test-body observations are subset-only; unknown evidence remains blank
C1,c1-v1,c1-03-FCM_OFF-r1,modelbench\mechanism_ablation_20260906\batches\c1-v1\results\c1-03-FCM_OFF-r1\episode_result.json,True,2,detailed_worker_audit,Test-body observations are subset-only; unknown evidence remains blank
C1,c1-v1,c1-04-FCM_ON-r1,modelbench\mechanism_ablation_20260906\batches\c1-v1\results\c1-04-FCM_ON-r1\episode_result.json,True,2,detailed_worker_audit,Test-body observations are subset-only; unknown evidence remains blank
C1,c1-v1,c1-05-FCM_OFF-r1,modelbench\mechanism_ablation_20260906\batches\c1-v1\results\c1-05-FCM_OFF-r1\episode_result.json,True,2,detailed_worker_audit,Test-body observations are subset-only; unknown evidence remains blank
C1,c1-v1,c1-06-FCM_ON-r1,modelbench\mechanism_ablation_20260906\batches\c1-v1\results\c1-06-FCM_ON-r1\episode_result.json,True,2,detailed_worker_audit,Test-body observations are subset-only; unknown evidence remains blank
C1,c1-v1,c1-07-FCM_OFF-r2,modelbench\mechanism_ablation_20260906\batches\c1-v1\results\c1-07-FCM_OFF-r2\episode_result.json,True,2,detailed_worker_audit,Test-body observations are subset-only; unknown evidence remains blank
C1,c1-v1,c1-08-FCM_ON-r2,modelbench\mechanism_ablation_20260906\batches\c1-v1\results\c1-08-FCM_ON-r2\episode_result.json,True,2,detailed_worker_audit,Test-body observations are subset-only; unknown evidence remains blank
C1,c1-v1,c1-09-FCM_OFF-r2,modelbench\mechanism_ablation_20260906\batches\c1-v1\results\c1-09-FCM_OFF-r2\episode_result.json,True,2,detailed_worker_audit,Test-body observations are subset-only; unknown evidence remains blank
C1,c1-v1,c1-10-FCM_ON-r2,modelbench\mechanism_ablation_20260906\batches\c1-v1\results\c1-10-FCM_ON-r2\episode_result.json,True,2,detailed_worker_audit,Test-body observations are subset-only; unknown evidence remains blank
C1,c1-v1,c1-11-FCM_OFF-r2,modelbench\mechanism_ablation_20260906\batches\c1-v1\results\c1-11-FCM_OFF-r2\episode_result.json,True,2,detailed_worker_audit,Test-body observations are subset-only; unknown evidence remains blank
C1,c1-v1,c1-12-FCM_ON-r2,modelbench\mechanism_ablation_20260906\batches\c1-v1\results\c1-12-FCM_ON-r2\episode_result.json,True,2,detailed_worker_audit,Test-body observations are subset-only; unknown evidence remains blank
C1,c1-v1,c1-13-FCM_OFF-r3,modelbench\mechanism_ablation_20260906\batches\c1-v1\results\c1-13-FCM_OFF-r3\episode_result.json,True,2,detailed_worker_audit,Test-body observations are subset-only; unknown evidence remains blank
C1,c1-v1,c1-14-FCM_ON-r3,modelbench\mechanism_ablation_20260906\batches\c1-v1\results\c1-14-FCM_ON-r3\episode_result.json,True,2,detailed_worker_audit,Test-body observations are subset-only; unknown evidence remains blank
C1,c1-v1,c1-15-FCM_OFF-r3,modelbench\mechanism_ablation_20260906\batches\c1-v1\results\c1-15-FCM_OFF-r3\episode_result.json,True,2,detailed_worker_audit,Test-body observations are subset-only; unknown evidence remains blank
C1,c1-v1,c1-16-FCM_ON-r3,modelbench\mechanism_ablation_20260906\batches\c1-v1\results\c1-16-FCM_ON-r3\episode_result.json,True,2,detailed_worker_audit,Test-body observations are subset-only; unknown evidence remains blank
C1,c1-v1,c1-17-FCM_OFF-r3,modelbench\mechanism_ablation_20260906\batches\c1-v1\results\c1-17-FCM_OFF-r3\episode_result.json,True,2,detailed_worker_audit,Test-body observations are subset-only; unknown evidence remains blank
C1,c1-v1,c1-18-FCM_ON-r3,modelbench\mechanism_ablation_20260906\batches\c1-v1\results\c1-18-FCM_ON-r3\episode_result.json,True,2,detailed_worker_audit,Test-body observations are subset-only; unknown evidence remains blank
